marcusivler	107317134
ncaraballoPR	4858296837
drmendezmd	232631847
ScottNevins	16700555
lild1206	334443152
keithboykin	21728303
vivaliteracy	981728680752943105
SixPersistsBlue	4219456873
MarshallTuck	49057253
anthony_garcia	18021433
EvanKingShow	25970083
poodlepowers	925306791889702914
jimmyfallon	15485441
CanadaRobinson	972530283466625029
AngelaBelcamino	1685873604
crazycassie0924	873096225595183105
negaoryx	723304494092578816
kimberlyconlon	1395998330
ParentingJrny	745214683
FORTROVE	462303478
Raini_Rodriguez	116310869
LcpsSharma	66487283
J_Ivy	20549962
FudgeLyons	955504833154506753
maydaymindy9	825776310790266883
SpeasySpice	1566119136
pho_op	75720408
johncolucci	23033882
TheAliceIves	2461998650
urbanadmirer	1505897150
RubenRos	163860647
Infamou5Mask	601380530
Littlejen851	58101689
GlassZoie	758382951532859393
tomorrowevening	45898363
Bay_Radley	2492834234
JacobsmeyerAJ	974465002789855238
7SUPERNICH7	338630187
AdamAtUBC	3047930108
MaggieWade	29345753
TweetRights	1676521974
HettyNBCLA	34099535
rubywisp	17696994
josedesuu	979167878665584640
localpoppunkmom	2589140066
sergey_nyc	285692090
vcfawritepub	1039525388265897985
treyhendy	1958587928
MeatInstitute	30944238
RealTimBlack	1013374544
Katie_ck10	2491916912
HTCNewsletter	243799204
ksnewey90	895767450918277120
angelicangelala	865670428701765632
peachijmn	827563732154843138
yoongis2ndwife	1050442640783802370
JussieSmollett	46296304
Soccermama87	28743012
the_eco_creativ	16715614
Mr129thKingJ	42967074
styledscience	1604847120
cindycjlee	2878719694
bucolicgoof	724545672364462080
bkcenik	768545714938916864
IamSizzlebutt	748293762942533632
renefris	226693527
nicksb24b	744256387438510080
LilySZhao	366781966
wee_angus	65806493
nicole_nsg92	855505495
michellerosiee	17174178
CareenIngle	109713299
WeWork	111092283
Martinbridge	36492603
AshnaJude	1020076729807716357
SarahSuzyQ	1246164740
GarrettMcDowel1	470324887
ace_bits	1052454093468389377
edan1429	2914858311
sweetiebabes08	197509918
Zumbaleah12	16857442
pck_Paul_Kelley	806587682310803467
VAis4lovahs	14221943
Victorianna68	748320406252183552
JasmineTrias	43049202
KatBartsch	2170148507
museumsamSTL	90020202
Just_Nag_Em	828750726474104832
TheJaredMonroe	23719684
MsClassNSession	1579361887
now_podcast	1042869241471483909
Cynwyd5thGrade	3224649076
cat_apult	831856988
ahoovs6	2154286864
JimAllder	28856276
JLW_Official	19281291
GothickDelights	3711301577
bmkibler	18995373
CCupo	19010792
AubreyAnnJax	2241850407
Samproof	5759752
ItsDaniCarr	49540613
mcapriglioneart	2883075838
amandapwood	18662362
StephWPWrites	3174693900
Prettypinup87	16982207
nlperkins	29914692
RalasGang	821041840824651780
hopesolo	61355746
GreaterThanAIDS	101790067
ChloePetersen56	1714617541
jessphoenix2018	842550390818201600
solkuroi	80920904
trevinovaleri	4092948613
SugarBabesZone	461721394
David_McMahan	38733271
johnpavlovitz	493714995
kaldrenon	631663116
jensmomlife	1055847376852783104
Angela_DiGiaimo	904998355
Ms_Tee_Dee	829104820485242883
micki_t	56783739
puppetpaul	3031991798
VickyJo3106	3745695987
johnNBCLA	72433559
austinh182006	370428440
tomr722	309087827
ArtSkoolDamage	137458405
jharm55	836600754
DawnnnQuinn	22858912
juliea_miller	20660088
katie_szostek	4216129103
jenebean	5618802
RandomlyNicole	36262003
FashionandFaith	372299157
GutzyLo	3048202985
CaitOnTV	374685250
beardedchap	756502435749847041
nbcuPageProgram	3026987292
CrystalSLP	19216667
gambygams	1024794318085582848
EldestDamon	2781698695
rella311	38321577
vannahrosebrown	1041075292020858886
PepperCW	2425208315
LoriRaizin	727518094847959040
elliemarquezz	1544110862
DemiLovaticspro	817792132262010880
angelicaduria	36129908
NTSDirect	356899607
LouDPhillips	39378322
iamjohn	16030236
HereForLaughs_	974838878317166592
thebrianblack	45412239
Corinne4Hillary	251341054
tanyafeke	842763218
BTStacie	947649389438349312
1sroberts	1250078874
lottaDELICIOUS	36314280
abiolatv	14996270
SaraRamirez	1633987406
AracelyM34	355982860
HistoryHub	854821976149569536
LBrianPatrick	416612298
AmyLeighJD	122450304
lylezworld	500399481
westcoast_dave	18783114
CKRagland	557230438
saptn5	199545460
velogirl22	102754247
MasteringMatt	54950461
StarringRico	116260753
fanaticraven	860584166
winklerpgh	280519898
vinnylayer	552249117
MandyTurnerFit	3000657923
chrisghatfield	28067239
GingersnapOnDL	22442229
BohoWitch	40813848
TheHarryPhan	2600820774
hostilewit	48924617
URMascot	897152104380350466
TheDickChokers	182752945
ActorDanielRoss	33952399
majiktinkerbell	38664964
landino729	1645577250
BrookeBingaman	430855833
caseyluSS	268404934
DJPaulV	206593863
cathyde	21946201
natalilie_	3589118538
BloodyJoni	428535264
NcBklynMom1	2897172830
RadioactiveNiki	601310354
PandaCashBack	551251327
HadleySheley	2380871126
nonicara	243935801
Rabrizek	456974734
chasplund	50852352
HealingIsHaute	734015621885661186
noway44	995568067
Sam_Teasley	1351931792
DavidPressman	18322280
nnoooorr	4893000279
TheRealCharnick	188091891
SnowDogsVlogs	3817441519
Jason825	21839895
SunnyB603	192567894
Fangirl4bands	137029122
CBHolsters	2970246239
MaraDaiker	1911312451
KylaFullenwider	26317512
jordan23atl	184968343
TreasureMeNow	467019972
lllemonsss	359867650
NWOinPanicMode	789969215650422784
ConnorKropp	1452779917
southrngrl01	2298623970
naughtmai	254255259
EricAllanKramer	48048580
Preslaura	52426848
AmyTidd	99580679
ultimate_j2d2	2909550867
poppunkmads	2812423360
kelliowen_	14613023
marcela_elisa	15873811
Daniela27440070	903846161529884672
peacefulwrrior	635056358
LinkeChar	572429251
Austin_Mc1996	439716943
sonya_mcreed	31916807
1SportsGal	588216931
erehbus	2711437753
ectocooler84	826620505050509312
tamaraistone	46993062
MoreAmor	15889436
Tara_FUC	32289870
CreativeAmy	15228408
PJBrew2	4778832029
sarahfogelx	3796330461
SMEEA_1949	1021068471000489985
seamusokeeffe58	826425161234649088
WhitTing32	823328936
BexWasHere	609503043
dustinmpardue	190207751
lunasm000ke	726490231592095745
rpvee	45978669
MevrouwRoze	165632235
PharmGirlNJ	38685589
The_TurtleGoose	880503469408387078
spidychelle	904223899537301504
rains_wings	3164841134
bookrecluse	918135944405958656
BrandonWalsh_88	28381600
tracie_taylor	182139626
SH__interiors	1252406173
christinaderosa	17049057
HopesWorld_94	4343552921
DashHayes	136049704
JohnWisdoms	717585041057034240
unkownrm	146142261
tmcbracelets	971085002271330304
PPOSBC	28390444
Lulamaybelle	22851805
Spiceygirl512	753822597830148096
ELove_abundance	35902826
alexashayx	854831243384545281
susie130	16290626
JasonSlossFOX5	825948134
AndileaW	2522427429
zoeywillie	177779640
amandajulina	749070163073310721
LisaH_Jackson	3297160441
sunstrouckel	22653477
lydsmstilinski	825859965005000706
LisaKraiza19	1547145732
wayforward47	1020435547570024448
Jasmineee_G	527542126
eatOkraTheApp	793634607010816000
TheKatieMilano	19926982
WIBackpacker	892044002010312704
Mssleepy876	54135314
kwillsmom	32259939
TimmyPamperdPug	2829218024
shyhut17	800873215
recklesstipsy	219548023
approximofnice	152062468
JENergizerr	279140700
bushin71	2344082977
shanniganst1	4653161194
Jason_Horton	22558759
BillzIsMyName	2573208707
DrunkLiz1	759557618700587008
aFuglyGirl	2836238341
BornToTeachUS	932713426715140096
AllyseMarieB	888841192431112192
Jennelle_xoxo	1130063317
pecva_bram	1034126378
JamieB226	2802227786
webernut	473575652
mackinaw1970	38857323
drewiharris	1661667084
9zimmy9	2824164481
TomDangora	27279989
MyCupOfChai	2773678921
kaylaxcherie	2317853389
jennace24	2385906926
HeidiKelleyZuhl	17013201
JAdamany	1368455522
mjarquette	40012589
llmine	403864702
Lovatic5HDores7	2357303431
SuzieLightning	31433640
nallair	26552885
telephase	14197352
karaelizbth	3286098314
jorgefarfanart	16302990
TheBeaverton	149282848
KenzieAnne417	2434731782
dirthara_ma	127304498
MikeNostrand	563264825
IamSarahCommuso	493342381
pinestrom	3080670196
debgonzalez06	332883786
sara_e_ramirez	1400298594
JenMcKelly	360147716
RebeccaLynnSha4	987807377863925761
Audubon_GL	2351903227
mads_stxn	788431531341672448
VintageBYdesir	15756281
pastorlocke	21632108
DonnerKay	17741202
bucketorats	3020660269
MsStarlightXXX	4541336233
RamonaDecember	302852345
npotosnak	41492045
Amanda_Troop	12305202
naeIene	91287883
DebHaalandNM	286476728
ShibaSommelier	2350984508
RosannaJyn	511257123
penthousepetey	490384177
WeHo_1985	4830937883
chronicbaddie	300948695
SafetyTess	37514003
Liat_RO	964535737461936131
JoJoWright	19051166
kttom1218	921390494747258880
summsummsummer	28236043
liftingeyelids	4808719518
The_Jackie_C	20173196
DocMcJohnson	291473760
racingchic247	50537198
PowerGirlsNC	393743257
deeg25	838837214951911424
kensingtonW97	1041616501588017153
shaunna2	22961141
_vraibleu	129416432
BPlo27	33660467
dilkry	14421107
JohnDigles	17204519
blogginbrandi	726294419675189248
Amirosie	475449545
aBrightIdea96	81902831
BerelYoudovich	807354053252497412
katebuckley1	77938670
yesROSEMARIE	40123184
fullofstars	7898552
reginegalanti	328624072
BadriaWolcott	25728346
4varawdn	3020960979
bootsiannakfu73	824253716131966978
sheila_sheldon	890225318
KerriSueTorres1	923263237134614529
ZombieGnomes	587065841
maxena_medley	4257748887
johnengels	29811297
alghuizar	3246396084
IndecisiveRease	196452940
lydiaheals	975445200020672512
PatriotAnon2	1021918737040134144
iDJWeddings	34534976
AssuredNursing	312865684
canders_	37008792
Jadenhaley	1041291224
the_rajiv	1687046936
jimbosuff	51244032
ImTheoMarshall	1576739257
ohitsstrey	836946931167473665
acoolong	11957802
offbeatorbit	20325951
ccbloom66	22765402
CountBillStein	97486682
DrJeneWalker	581560590
SSDGM666	872826012794585089
_wordherder	61286865
Carlosfguardado	3154939975
snoozinlucci	817957993
emyforhouse15A	977324578933493763
ReynardRoxbury	874464648
Lalalindseylak1	1021850131719745536
Mar01197256	601648078
whitewinery	883022923
GulushThreads	1551747528
bosstetter_edu	783402020917182465
djalexryanmusic	884193109969711104
TheToKuma	3970040302
CykronPhoenix85	65327428
RorySchuler	523382591
JarenHumphreys	569581750
LoveSoaps2026	797851820932599809
Beloman1	552035080
HuntermillDems	964119024543195137
kath_krueger	228990510
DIRTYON3_	75914648
keysandmemories	15507205
ImM4rk1t	1545355862
DemDevcnne	96233466
kristinrobideau	1053084247
jennylinsanders	629745694
SD4HOPE	193098444
DeuceWT	23005573
SNestheide	463198777
JPLPS	33700291
BigJoeFauria	123655290
thesaucem	362228368
MalBadInThLatin	823677572223377409
DaxGigandet	874106117886005249
tech_nick83	186891739
Peenkie2	992840743478706176
JulieSlavet	341285407
DobrikOnline	1044645962449342465
AlfreyjaYlva	61790113
fabulush76	2465466121
mookieam	44969920
hallesparrow	3279297367
AnthonyPodcast	1052543300295688193
cqcesq	2751223395
KellenBridget	1055128634837606400
Juwayriyah29	38749235
PhilStone29	740359693365694465
RebeccaEveLandy	732075487
moondragon420	63491958
BoDaMar	42356432
agargmd	43326045
iSaleSingles	39005494
Shaddow13	47458213
k_bates2015	2314845499
TheAlphaBetty	56788547
theawesomeroad	43375779
Irichan	28320551
LacieLowry	370324563
toney_darnell	833082541741580288
mistricksthedog	832048117822296065
Lids023	411234611
kewlwick	1024982204
ChandlerLKinney	1928275340
shortblonde79	4788593001
NBSaphierMD	3065301110
NOLAJola	856252263920218112
katie_harmoney	2905685946
twilighteclipsa	968249584991506432
OWUVolleyball	2328912678
kookista	2742645675
ambermlynn	75102434
treflip1999	2408302171
Stephanie2Fs2Ts	1249725908
DapperProbsSlvr	2858879149
snarkysarah	14846230
AdriEH96	295300441
Chihiro_NoFace	796849197840531456
trainwruk	117216749
nevastardust	2727316980
lawriecreative	902755329812914176
LayeoRed	722937660013084673
RamentiVeritas	268418486
Flexxarally	435096545
Shyaporn	16809525
omgcrystalg	63411380
DUPAC17	1049408057644601344
HCCCEOF	43907857
_Dee_Watson_	19101854
ChrisCuben	16374810
kickthehay	988200281933524993
hammerhead33065	261855031
DrAPSings	238601409
drjudymelinek	564099543
MonicaHuffman	67378896
TheCarmenJulia	426202581
kylad859	252161203
AzaelER	1421832662
ThriveChiroNH	928080772044607493
PhillyVotes	964256953420697600
whatupsquid2	3025833323
lovfvck	839873757158195200
JenBunnyMiranda	211380282
MarkTheOverseer	155726313
JamieRighetti	87225523
naprice69	547681571
c_h_e_l_y_1	343780837
DickPumpaloaf	337436473
ashley24taylor	305337856
DirkTedmon	116839556
TylerKupferer	17888932
RaccoonArt1	829016230321352705
MoMcCormick7	2863347469
vanreneee	328740380
AllThatWildlife	898292055679668225
abcmuell	3438609785
JakePleasants	15858709
rosewood_owl	804754290
msjesseb	317520068
Miss_Bertany	542242944
NYStyleSalon	221574226
riffyroo	48119137
JSCaldwell2	2941400605
Wildfire_Pods	2341494494
JohnFitzElliott	2663953424
Persistent_AF	781579452933349376
BeccaCarter00	378005973
deutsch_jeff	2714929865
wildscriber	888461829487374338
jandrews113	248896824
SheH8Me84	4532345112
WhoaBrotato	36653119
AnchoredIn3rdGr	719083262
amibulger	16304347
AmaniAbraham	26767525
ChafikJillian	958733151169339393
teetads	333837166
callmekaye__	962460686726193153
ayshspath	24326338
MeleaShealy	1652181932
unnatinp	23545239
eric_wheeler	18951381
Sparky5279	757080088340860928
420__eyes	29648562
proudtxlib	2717172436
therealcamile	515297173
bradybil85	2882278812
daniwitherby	496461181
lesleycatalano	222656358
xIvanRamirezx	896294813095481346
Leezy82	34565574
sierra_ellaine	4043892142
PicsTripsTips	906715152917045249
frowles01	3642045561
revdrduke	18124789
Madam_Pince	17430984
IAtoDC	60098125
NoThisisCryptid	934104196403654657
BertKistoo	3125584960
KyleClemens5	726555683940917248
justjoeylopez	1859056717
jchenelly	18457163
RobforOHIO	281721175
susiefelber	19295687
Mike_Huudie	781508306431082497
Keena_Beana	518973876
Andbren	51147608
WHNanniesDC	293238259
CastellKim	3815318177
MJRodriguez78	106982801
Henro32	469732090
lovanna	20962756
samin94	249499110
brittdorfman	741128647
0_TruthHurts_0	1360465604
LauraThoma	174490066
vantasticmess	1398064501
MsTonyaTodd	3111717031
DianaChantel	235021968
dreamoonbin	750959787773456384
LeahCG12	30528588
BlueMeanieBWO	23595924
DaiTengu	1593581
CleoCoyle	52144480
brenhartt	323054830
hunniieBUNCHes	150757486
a_idowhatiwant	850101333474529280
sinnamoanroll	1202820595
Emiline1692	1532478080
AceStarrone	716333412
_lazeebones	2359957602
Jobeman	101942900
MsTiffanyYen	19409170
DrJasonJohnson	50669520
kelleranner	378054964
pdolan01	564831747
mohalyak8888	1347274848
BittrScrptReadr	66943273
sarcasmlemons	450184292
theotherAP	15191371
AngWxGrl	19244137
RobbyRobertson3	1164044766
KendallRolfe	1031751624136380416
AnitaRezz	46496161
Tomoclochoff	739941751339765760
ECarrieHowland	74781504
dohrerlover	814615159
49ernie	20821622
HubWeek	2884533627
ddwyer25719	1948423759
MaryTignorTV	977682662
May6Dani	24574888
allitaliaferro_	3168093310
rese_teh	1032712660419334150
ErinScheriff	1713484075
staceyjaswad	242644841
Wix81	63176433
MikeIvanBurke	2890008755
HDub_Ind	715000135
LoveMyAussie1	330580623
WeAre2012	377540335
Cybergunter213	321782075
clshields1980	318691466
jonathan_looney	423658812
stoic777	34629112
SiqueiroScribbl	1035023818962751489
CastroLuisE	89355728
k8tidid	244125575
KatyLapierre	14214989
Vayseth_	3128895469
gtabjonah	1649353453
HereisSemira	27040149
esa_jazlyn	316758876
vsallaberry08	62949306
MelissaA2159	3218981264
Damientronus	202765397
jooyytotheworld	111964236
carolweis	18481242
hey_cm	77710724
PLANevada	18645342
00LovelyDay00	887998063
banjoJYJ	44274285
Jacopo_della_Q	509185272
katepghfan	1593934556
cjdani27	527842167
Hot103Jamz	18276982
jonmichael	15418336
CJohnS7277	186148789
WeBeTheCrew	205080131
whatasymbolism	1152549978
Angelica_Elle	550322364
CoralSnake83	38763817
SwordInTheSound	58564647
SeanWRyan	26303985
heidi_belikov	725909500801110016
JoelierThanThou	920341799515779072
RyujiRakkan	40186589
mrsamycgrant	299470487
elijmartinez	19785846
Prayash9	18471644
RandyStine	29312376
MarketeriTF	2422902469
TweetMichelleA	3342108737
sthenrymary	27807009
AliciaMarieBODY	20120735
primo2009	29289220
EvolutionPrime	320547454
devilishlydiana	2793134181
AglaeeOrnelas	635576092
AlexisKroupa	403814599
sctrke1	2426151005
NampaPolice1	246388504
Bryandini	1059652970
girardinl	22359181
FryskiLabrea	948967521465516032
IFoundASteven	964912126233120769
renee_52705	828750588946980864
hacimbad	15379379
TyanaSamaia	326567615
OfficialJLD	502281810
RickFitts1	302861174
debbiescott24	328488386
FieldTripMom	318164528
Deana828	26020884
_rosemarieb_	3273089970
zaundeezy	277881163
BenP610	216551024
DolanAsthetic	746331291839139840
mattmedved	23687471
ClydeButcher	67519529
fishh3088	46480176
vaughnchicago	15522057
MeganRichter7	1639006819
trevordorn	115509351
michellemcm7	355370935
misterkayshow	21541743
KBruning	82429339
hdeforge23	36935186
joeswag121	563129056
riphoesay	1014793793353199617
TerravonRiegan	4909276154
AmandaMRod	725104371017588736
finnicky_art	2431230115
BWMudd	18077906
KUNOS19	923935171
Moctress	3037033914
LaraLeaTrump	75541946
sara_bhsu	1249824050
SapioBee	26868871
HannahLilNessen	1072859623
ZroHour	616797042
katieirv	40936601
dcplaugher	363908771
Trulysweet19	36745773
Allensphotos	758969104640335872
cay_marie	268594474
RufusKings1776	396158429
iheart_elsie	933428694516985856
ambers	29339229
NOOGIE420	859840867263238144
ArtemisChats	21163979
Lyricalswordz	800911249773105153
_Velvet_Moon	902121228252700672
c_castagna1	281771764
Define_theLine	963212837395968001
BeTheBuddha	15665354
MsNurseMari	436643475
twingals	19732669
vicki_mal	35851103
KerryElle86	3794327783
PlumZoe	21442356
SeanaMarieScopa	298087750
TheGinaBrewer	363849028
NCTzenLife_	958314740379340800
KingJames724	82130437
kayleidoscope	20470890
yo_alicia_	132795126
madpretzel	335048584
mrJARichard	24296105
KMissguided	1057724863656411137
hannahfrey11	183224464
bigheadjosh92	313019411
superruiz93	16833994
TheOneMainChick	2227979517
franseaYT	1012211035950874624
ReneeDuluth4th	1665596485
LadyShannonK	26376283
ChrisMatteis	242379904
norrisfeedlins	3023275814
gracelebleu	438753688
MeggoTweets11	703689178417131524
HopeTarr	36107709
KindaBirdBraind	1050380044395270144
jace_j_b	774031416980082688
thebenlinville	542312952
ACEMoney1138	273159476
myKakistocracy	411179634
_eliza_25	783260334
Drgnfly5931	1429048573
007Napoleon	35637710
tgibbsburke	3953583072
246Theater	2923284826
lanasplatten	466106420
jrivera_music	1323630564
lethaladdixtion	151297452
BeverlyFolkers	501397421
Lindsay4Iowa	861289199135227904
FaRuun	195991042
ThatChrisGore	23161445
fyeahtgawm	324117545
vincevega76	25097234
jdsailors	776900848932818948
kymmiipie	14416677
PinoyBuilt	30221509
morgandewease	37028114
BerlinHell	46482296
borninolympus	755619945782796288
MISSCOOKIE1223	179837404
Mystics_Blues	29400182
leadingham	20611609
JHaffke	65769759
kevinwinston	14365368
MSHotMess83	868325433439391746
lessthansarah	24254238
TotRojas77	283840870
Bhernandez02897	1602314694
dvillella	43014978
kirstyn_wilcox	758525955715526659
Alextronic25	37115966
Lvl_Rivalbyte21	955086973529677825
TrefaultPaulina	716718250164232192
Jewels_xo	15409141
614_Spirits	3424568709
HeatherTrepal	1924621412
BFS_SoFlo	1037016617618759681
kellerho7	2885761916
HeathenJim	963759637
meplustea411	19621122
michaeljoel	11371752
comstock_kelly	2580058356
stellarBELLZ	22460781
_vanessahdz_	876457489063170048
LelandShow	3938402536
MeganOhlssen	885109436322390017
trtworld	3091150576
Shel_Paige	551467473
dr_make_it_stop	248065982
Cara_Cathcart	338131167
musicmaniact	297226495
Bksofchildhood	955479547285262336
Barb_Munoz	341773926
djlola1619	91688360
AmrinderSingh__	37455884
OKKaye924	1274278093
marvelmistress7	430281321
ijackiemena	131356245
colm450	1011073419998322688
aureliasaid	340408298
BikeRoar	304123654
JOK3YY	703241169
LauraRing6	2257077296
pascalstennant	2567974389
CouncilmanChis	345606015
arashamel	14711106
gabzszs	16798222
Loyal2Christ	2369501670
donrodgersnj	847489457427161089
JoseGIHP	66331922
lizmnolan	37285847
spaceymaci	792462217
kelsfred	124935892
elsegundo311	1059852410
GirlAndHerPig	852260058272604160
hindfootvalgus	133890633
LissasLunacy	19745266
RMaq28	74392135
kushaanshah	267372072
N8degr819	2311010291
good_joanna	2482996268
AMommy2TwoBoys	62721001
sarahgleim	147690107
ellensbowen	37112513
brittany34219	821837289793916928
JackieTingen	4882901363
KathrynPrete	790277398268960768
BridgettNews6	732951288
gardenerd1	24028241
dulcitaSabinita	338118597
Spencer_J_Root	391398114
frankenhomes	1965908388
JimMcCue	22128237
missloganmarie	182876509
mlcubit78	2546485517
deneil_busey	715730725706809344
8433any	26839828
cityofshoreview	1945096370
KatKrutak	29741043
sheenbean812	571323322
PlanetPonzi	344778430
JenMatthees	28894822
FgcHawaii	981953921705902080
LyndsiLambert	884907577
tayloremathias	2337802973
eeve1990	24233775
the_evany	370457899
Tpindell	27589941
Lacey_LLynn	941753248620449793
ShoshannaEvers	175782640
lauralirios	2967075483
TooheyKaren	2187234141
Natasha934	240460073
NS_brat	273106922
NoScopeDad	1028985340441313280
htjacks	309399416
frecklecurls	841383935372341248
iamlilmichelle	134652229
one_dayata_time	37107190
KappaCupcake	2452373599
fastidious_star	164271720
TammieTw	981008330
MegMcGuriman	120958633
toolguybak	1154203567
DavidGinsburg	19690815
LiveDanica	2249186082
HippyHill_	833356976
la_la_allred	460801707
nwebb020	981571939880841218
Goonieboi97	57790568
ShelleyFacente	409749662
TNDC	611818113
KatieVasquezTV	2241667004
Will12Bell	427606517
RedsoxVenom	46019296
Dovness	371799237
A_Laumeyer	291469848
CaitlinMyNBC5	499914913
blerdwords	1463172686
efrainortizjr	28108305
HeHoHasMommy99	196229076
_mkmage	2448762354
TheAlexLyman	29531279
pplusjr	1024763082264989696
Summerrr_Lee	838832748395646977
itsNATabigdeal	174074593
Scarab812	3312896623
warmh20penguin	4140858979
charlaaame	2832418302
realrobertomara	3182042640
Jay_Niceee	366962296
Turkeyboy1	50885229
favjerseygal	839237419815796736
RobertRivas_CA	389823337
irabrianmiller	27272300
Aly_K_99	1335089706
DamoneWilliams_	103640569
FunWithLeon	976946255132753920
ittybitty0414	43751121
AdamDoctolero	378341353
stfillanswolf	1056677818162143237
aaronjayrome	191353878
marisaceverett	4749300448
9_of_Swords	930937674
adventschool	23650055
MissLeilaniJoy	167458719
PrettyxPistol88	285615614
ChansiJr	2311222657
SEIU1107	229248547
AndiCale	37853884
FuckDonnyTrump	709517509607755778
BlaqGoatPharaoh	2815188740
realdevinslim	740601985032949761
vjhenderson	54373497
gabbinichole_91	435094029
JimmyDrama	23260028
Rabwhian	89840738
tbenny3	30020076
wendyshepherd	5980142
armitageblogger	60618660
BurntCds	19015414
Pepsolman	48677625
tonyrobles	20211865
MauMaukita	58335456
Lisa_Burlington	39413353
RexCoyote	3019407770
Nobodys_Darlin	21277150
stellaryess	4571552602
mrblackwhs	723514830330683393
AngelaTague	240798768
malinathiede	21149830
MsChristinaZ	1460825438
MandiTolenEDU	14109406
DnlMorg	275235220
KittyKrugr	773744360605319168
NinjaminRuns	2230461972
jbhunt24	91730454
BrooklynneJames	342046215
AfroMindset	39856740
Lindz_Jay	341304406
TheWolfgirl91	41400136
DonnyWinter	292619829
touyia_xiong	164035248
debz526	70784114
octoberkissez	2526055640
nydia_han	16058854
CampBellyrub	444280725
mrseanyb	128035285
wonderaims	1491112248
LindseyTemaat_	2947629019
SoniaIm	40813518
DivaKayla1	117110933
SkipSugg	252817349
8train	40256981
marisaleigh	17792218
olympianbeagles	825214690028462080
CuriousBug	21960918
Curly_Merkin	996772995527045122
MsAugsBG	895751606544867330
MizzieKS	792766296
SeeKattGo	821456714922749952
LaurentJean2	606042057
kristyerin10	293801417
iBreezy6	1025212506313084928
KristinaBoulay	282242342
AgentKablamajam	36307117
Nidia_Ruelas	370548347
onlyforrestjade	1035381041358405638
lilbeth0303	2824761224
graple12	1421453702
darkrose	5944712
sunflowerlatte	1004657977637285888
richalicomedy	1336924075
LiveLaughLeigh	111357741
MichaelFerro	101572211
Mzblkbeauty	17398635
FFSDesirae	1010400636406550528
amandeemoo	2986020606
sdbatman66	4250535494
regrip10	109139080
Suz523	301159673
munozlibi	819240998064640001
RPOSD	2977616300
MontezCzar	3400266309
StephenieSillah	801139673695485952
CrazieCs	15672234
OhhhhEricaaaa	952623619
johnnysixtwoone	331259704
marcogarcia1701	3023064774
The_Kris_Guin	97181575
officialkiral	2433098166
le_petit_chose_	954525452021907456
MHubany	985652323794997249
xOrikki	601476633
TomShiflet	766723603
abrighthardy	200600809
Anga32	354365312
freudsickman	983162627265212417
WaveDilson	161045826
sorayagiaccardi	484295898
hallie_croft	745005351825604608
erinisntrad	988507721728118785
markpeelconst	729417276760297472
TuckerAng	1453070640
XEyedMutt	996112501237534721
DarrenRosario	533377654
ChuckMonsanto	855600964644089856
NJ_Chef	140558433
bososoku	1002537824640491520
cristalrxby	595904630
jessnomaybeso	51995401
lovatickiki	2502073531
bennyblancc	2816901652
JulieRei	16219049
monselobato3	1045313121685065734
vlc1618	105835341
SHLarsonLMS	745976731744542720
guypriley	282058208
VerbalArteest	17868927
RougeNASA	824628579115884550
voicesoutloud	151282821
angiearts	14641904
electrolinz	171683573
angelica_1313	809949865794932736
abigailgardner	14355914
rachelkenley	18246471
drummersgirl__	1289228173
HovercatApparel	712695578417696768
QueenCori	21185345
zmcadler	40525564
kennykraly	16276186
Pacifisticalme	108046485
DrCorpsR	41333025
TaylorBarker3	364596091
DEARGOD_ITSME	2878659348
SenoraErica	42605790
vtiase	18137793
McKaylaReece	63356193
sc2ga	79652465
MrsDevlinSS	3321563088
Gones09	20449731
Gixx2BG	494576287
macadee	16531257
FCNL	38448220
LauraLChan	108199469
Cleardrmr3	50854040
mnrmg	17376439
allisonleigh_sm	2862971734
srohdehill	168755405
TheOutcomeMusic	728344319581544452
TogoRun	134119190
jcash3	33023734
kawaiicintiq	45501260
PeggyPolos	2368133088
ashleyzaza	84460865
USANEWS007	4761064634
MrAubreyCodes	21832953
slinqui	16541450
OhMyGOFF	15219854
savveyprincess	2420836587
JustlikeRina	112324953
FloriaPerez	226029628
arii_sunshiine	423716728
iindigoskyy	3282830066
cliffordoze	1096425044
carolyn_mcglynn	831359583352270848
SteeleGlobal	3060170083
ims0brown	2381450098
theangelajones	1255812002
dixieinnewyork	207218202
1BrittneyNicole	75473335
1Dhostage	583375703
KLMS_Art	764135390924070912
csflorist	42252757
_ANTG0N_	3360995325
Hannah_Darlene3	821216634421420033
haydentiff	2680350607
The_Huku	2329480597
domainejavier	109254912
sabriaballand	304691182
Naomi__Lynnette	1056173210692136961
Fangirlin_Megan	1017940839937519616
JakeGThompson	242791957
tylerlansdown	25156023
sydelle_noel	2333107796
Long_Ho	31368996
CatherineJersey	27834119
viadya	71673678
VCUWilderSchool	2732149087
JenniferMae906	1268466188
RachelGroters	829030158959071232
PlatyShroom	2502920726
kristin_hurd	3270564487
toddkaminsky	1661203730
Mlarad	17860504
ProfArmani	2967068840
jamelfdennis	26289291
annmrose	67100366
kelsiebrake	253641474
jen_appell	2952233781
davefeinman	19797212
MrsTaylorRahn	1039657415455719425
anarosazz	77318294
KelseyDeanneAct	514646944
smpitterson	230364055
kimberleyhoover	344365444
Tactical_Pinup	2183995470
AbbieMcClure4	1057372947000844289
LuvCoff	2822547328
RedDonovan	71403835
BarkBistro	857613679910694912
bobby__marie	86407747
mikaplusfranz	37838680
TrueKaylaJay	2923127128
grantheftautho	447622168
NickBenderKMBC	357026180
juliakarmie__	3950746096
monkeybuttchew	2352526278
SurvivorJane	270380109
BlakeHamilton	93087808
ilucero1028	1493834582
Jenn_Tisdale	18336278
starbucksluvr	2703188256
rebellibrarian	824634283830554624
jamesdrae_llc	997248495965716480
djrichsaracino	336898233
BeachBum2_11	931067875
loreleiohs	3022021546
aweblossom88	2220808098
MissSTK	21417693
TheBlayton69	276735256
hockeyginger26	1021366747
lostandfoundliz	29195887
_alerochaa	3243781561
BreeSimmonds	1932647544
LovelyLeniece	301454856
heaventerrero	612063631
tarattack	22730321
imbeccab	29351651
TheBasedLiberal	993243230677463041
RachelJeanAnn	542742793
maryb889	21222961
erickcathedrals	521026542
NateRuegger	376316336
samanthapweiss	950187618
dagwag	54119321
DebbieOutdoors	466360589
NancyHightower	22024720
NCQA	25085528
mrcourtney_esl	784420522197127168
Happily_Natalie	1480147938
MeghanEast	827655353676480512
thatwilyminx	405917548
ASmithAuthor	2983310977
Nomdetuite	717360751309094912
jessamiller5	1012386470680645633
halley_bsb	3732745458
caitadams	17734567
WeLoveSTL	2933804377
spaltor	16290965
qdHazen	94394947
KatieDiSanto	704394606302003200
lc0911	51513553
SoCalConserv16	750917763569479680
jmenini	20329256
chrissibliss	359586139
FourCourseEnt	913467816
KarynRD	22233453
willow_eli	4288622713
BlackQueen_619	991814795941875717
chasing135	526998586
AhsanteB	956806459
_thejake	179798632
FeelsRightDes	456010105
thund3r_muffin	2730481151
DebbieMurray402	1925494122
jean_machine_	818978640675344386
autumspice	71966839
AmazingGracie20	53502860
OnTheOtherHanna	485215756
iamcaseface	16818526
lilscud1974	113922405
mightysparty	604010080
mesulli	61499749
agmchica	4889384189
tbetzold	21175052
luxurylvmag	382960544
peaceofclay890	950417898
wtb6chiny	204947822
OJismyheroin	3096365464
jaw7587	451355606
KeKeSelby1	299973942
CFlynnRun	2369675683
ProfBraun	470838700
katherinbrannon	1191527508
Buckaroo1967	23521607
mountainsiren_	851595660256317441
LostSisGrimes	461799466
natejphoto	44380920
PeachesBeaches5	3165864498
Angelica3313	32572357
thriftyfeasting	2335780350
chanted_ev	1035901977283231744
CelluloidDame	970443891349577728
CrystalRyuu	291775035
danateabag	512220162
smorsali	1644452766
mdyjo124	1061610283
QueenMab87	2849102111
won_hndrd	818113052
carlybella_	2919763790
MindOfMystC	717548250610282496
talasawyer	953073559903047681
ShabazzGreen	408100900
jofum	35874572
MrsDeWinter_2	78670122
JulieCourtTV	1389961118
KittyKunoichi	3414084226
candypie22	111672312
nickelkeep	2924035565
BeaverIslandSTC	2813793740
paulamcbeth	31994747
sarahkaiser607	1053620709245755392
benstonelive	38548316
Mary1335627479	1031787874004488193
BKing99_	1055272803522494466
allyjok1130	619620129
amheramb	248953019
HubbardstonCel1	996536284540751872
N8IVEQC	809157766363414533
Itadakimasu12	601285750
BuyskeJ	2196506641
BWright4Him	4321398142
adrian908_a	2735980636
hbp_vcu	2279275879
RealJoannaKelly	56044426
_Misty_Dawn	24236705
rockfordpeach86	261753194
katie_osbornexx	1877152158
vbraman	161134788
cc_Galz	34356558
AdrianaMacontre	700215571
pasiveagressiva	31526169
davidhanna	22703772
JourdanWooden	874760328
drinkpinklisa	1025461856343867392
ohiodeladems	1203073675
LaurieAnn_99	514693062
CraneMaracter	65645834
tinypapersailor	485385831
SoCalAleen	3315632484
FSAChicago	286674780
Johnwoodlawn	467130805
AliLincolnTVP	2493614114
chic_cocobelle	262261686
Steel_Karina	2869867786
kaitlyn1970	2824149412
SmileEbay0831	330670286
OceansWhisper94	891305130771062784
ashmicg	245225975
kateypower	1486257206
b_h424	4441232303
HuntingRoses13	974797716
CHI_AllieM	2698714178
kr961	107755110
MrJakeMitchell	91010874
erraggy	2048331
marysmithdennis	22418905
Shapahealth	848760805428305920
ScubaRebecca	353119967
willzolla	492489987
Erik_Allen	327057088
ganbatteira_	1032639072907538434
springrain95_	943442695342587904
BridgettePirtle	787364050611023872
RayDenaro	899452340889112576
KwikGoal	104600968
tylercalex	2741520744
teach_research	991524914
reputaytion_89	95706990
whatuprunn	3151789226
sam__says_	242889229
RachelAlz	961997459533770752
GEIGERMANiac	180558708
ColtCleveland	52841788
clinicdoctorusa	1019672344648962048
ButeoBooks	386139005
PatriciaKatt	777545098749878272
MonicaJeaninTN	3296510419
heyyyjennn	950812524085174272
ColinBogart	774730248
LasVegasCourts	258930377
wendiwendy	35311817
tdkelly	11092912
nolfrom_ALX	279594938
weRchristocrats	399794213
DebBissen	26544136
dattmay	38171738
armendarez_l	1006785817514250240
2dorks	61543655
StephanieBackus	353156536
TWHooker	382467460
jerm_cohen	193791940
caitlanryan	96812903
manic_femme	2478854202
imagreektragedy	957276583601016832
dani_que	29147866
NKF_KSMO	594776030
annelizabeth918	237345925
_StephMi	352481852
Devonkopec	17076757
DawnJStevens	1849519100
lauracortese	23553518
sevenXsixx	1045190870021140480
TheRealGodEmper	818751681953484800
AwkwardLive	227897590
Cripzilla	933900931032338432
ConnellyOpera	870663420
JustSomeFatDude	1009273978400247808
tom_glennon	764762179
givemelibby	497939793
BassGJJRay	110514295
gaming_bell	934451708176011264
cyndic88	18539206
Camdelle_	20530327
camillabtaylor	35662094
HaaayChantel	1626754693
waveswyn	722602983620534272
WalterWarren4	623701639
MELiCUPCAKEZz	188375712
steveferraramd	865733545842671616
cowanchristianh	1466001433
shannern	8044322
PiscanoVj	1059623586263121922
edwardhanley	20167857
BobaInACup1	708837316698120192
aamiraltaf71	424005157
Chllngrs4Change	63186469
lynnekingsmith	18663435
eighthcyn	411580654
AldoBarkeeper	2578005846
mattstringertx	3075827666
anateboteo	143026517
smFISHMAN	107478659
4everTam	22444335
simplyfabtye	333282851
gopherscott	71887876
KevinL007	23030389
FatPay	29544533
PRomancebyNC	526451718
Natabull	14690197
acousticnicki	246464795
AdventuresinGa	1102082108
drcshell	38110329
putasdelfuego	870783302
krynsky	772681
DairyFreeGina	519607514
LuisArias121	3075551521
AftnPrnt	4434143838
gdfathr33	723541998792224768
Hannahsmithh99	1486708242
nmosesofficial	743587515580489728
lorelana13	37573294
Valerielawr3nce	577167300
LucyEaker	286424385
PLANactionNV	365090932
MereWilki	2869863290
AllieSam4	947222701231542273
MeBeforeMomBert	125410268
Nom13	36297288
PhotogChris	353086205
AccountantSavvy	897105600286523392
BreezyLee513	39905986
SimplyCC	296916180
ForksFlash	221255171
phillyrecord	2903990020
leahyanik	132686042
evry2min	808064484527009792
rosequartzeyes	17607851
MartinaClarkSFO	36409460
SixyRP	2666438023
alicevalkyrie	3358298782
bebodist	1444214238
NeilfanVegas	759997869638098944
MarshallSbar	141196828
IXR119	2297077358
MysticKid	18618120
jeannabryn	1195370280
alxssacase	2505971845
savdaddyy	1220098063
Cyntmatic	22190703
sgtcrispy	14126008
RealDavidFuller	2914057079
ThatJasonRay	912383643305246721
PJinPajamas	3786911926
SteveARiccardi	428769960
thestevewelch	803994832523890688
hockeysuit	2688891192
NikkiRae_POMSKY	974502408800710656
LorenzoWard7DC	541850210
norah_s	15512157
sje002	566929220
HerHistoryatYC	230544750
veldazik	946918917297004544
slycer2002	132178765
johnfein	59796633
nameless__ken	1054445992542638085
Dean_Hill3	2570811613
BrewingMadness	490786768
backrowslackers	1198672154
JayMerold	931233900
LacyElizabethR1	1004773285500944384
jennymonzon	129994181
tom_calderone	2800588598
37cycles	802514778661027840
PokemonMaster30	187297686
H2OLaskin	3237721559
Oolivia_Mae	2988373960
SoJessicaLynne	389660611
motdraw1	2811769316
RuNurse25	824737191393779712
RealMediaMedusa	1344785628
MackenzieAstin	30017786
CMcGTweets	309009542
ZuleikaCorona	1048384099868712960
grey_gryphon	876173226682052608
_KyraDavis	23278905
AceCruz24	2549512741
gin2ham	54291406
patriot4fr33	830218302261706752
sanjoseam	973682808332972038
BedazzleCats	19551861
treypearson	20279218
PeterMBurman	874402116
MMMNaomeri	2183103306
MorganRondo	215325143
l3gend_the	522222488
LadyElton	41057864
JoiLotus	1491544009
DreamSeat	194564676
MrsMommy	705393
rarejpg_	3303782624
nat5irk	24234324
Savor_Tooth	746033726107320320
BonkersMcGee	19413071
Jenna_Cramer	2187604761
elementodysseys	453676511
relative_way	199114950
Kurt_Wirth	41391869
AlexBurton7	427076679
_alexisMAURICE	212500604
PoochofNYC	4039194244
RoRichards24	252245186
japril_soldiers	867215156891320320
iHateBooski	54884081
AdeileL	1044631651286953986
PawsitiveGuts	1032016161465139200
ShinoDPhoenix	324111581
JayRedmond57	771522547389050880
jackiebarbosa	27102942
Return2Solvaris	975949099525603328
_AndyBest	20138860
WaywardMomma	1041766715598807045
dynamitepal	1051671067893190657
KBjustasIam	1183640593
TenebrificEnig1	1054460910943768578
NishatNYC	928054190
notn0tkayla	2763137667
janefromjupiter	1003350985
PikaPixie1	713439734949941248
YokuMasaki	323841356
J_Wrecks	30179171
rusmclaughlin	68796392
Angela_3373	3419278041
LindaDiga	774329476704563200
MrsLauraWoods	125415116
mlydy	12308292
lorisussle	416028833
abonisaenz	844942923267522561
Cryptix23	878696671
ShawdySirLeo	76659317
mingyusmaid	803334362175512576
EmInterrupted	207409695
BlssdHghlyFvrd	2982796610
ncb000gt	7955612
LydsGood210	394926637
emgmo210	1069677782
idontgetbored	584531182
deveshverma	15386365
fullbloodfaerie	221053911
gcldenmcu	1003812153076408320
Jesse_Horne	1167487224
gmockler79	133134326
emilyarna	94812029
chamiele	423096702
awesomejtu_20	418302551
Watts533	778738531
zoeyag	125904133
teeerang	38377953
TaraQuillen	719615862
DukeSwerve	3050579969
BellaGoldbriar	1013664618240249857
Gina_Zappa	46175790
Michael_MacRae	80062658
ofVerona	160320536
CoachJoshHadden	896610385
lauren__mccune	466128686
GreenDragonGirl	58619025
YouSpoonyBard1	304191311
Wozniak_LPHS	3415860531
B_Gamss	961467422934032384
Pillownaut	50392479
do_i_noya	2388544328
karlaarcher	11737492
Ashmajburk	2339855636
hey_itsMeBri	1467372025
thechelsearenae	290088377
TheAdamHines	2913357529
carmelamccarthy	15611197
cndyquill	45240709
KristenRec	1655603444
_socialcompass	3044602233
SorenJeff	123635673
teatigercafe	3137277080
BrittsGot	1058984329907462144
adventurer83	44099318
cas_uall	405944163
Say_SweetThings	4040454982
BrendaPalafox28	926134947991179265
LilahMonster	17200492
PlayWell_TEK	326514316
JAMNYC94	803359028
ChristineKPIX	986743365000560640
MatthewQuinn37	460482420
TerriSmith1972	969050822544850944
KSparksACK	1886994050
theDanPellicano	37998169
mhbloss	406513953
Rob_McMahon	21684587
tunto_ranyaila	892814514697019392
Nuutmeg	14769578
delvecchiograce	497288416
IWF	16667912
PJButta	16072599
my_names_jarod	934868742227550209
Rentytheline	2581392180
EmilyManleyTV	1021625767
djimenez22	315525886
HeadshotTweets	17436918
Capt_Hangry	28248099
iDJHamm	16746009
kathybing56	2178994685
LaurenMatter	59783707
JoshAProducer	92925235
NikkiBuschEdit	588649954
MadMik2014	723308877480099840
DocKobryn	1535110921
JSolRogue	2947009195
McHaterAZ	22600442
mayatcontreras	25801216
wendygough	18217763
Nickifloyd123	184633691
AceSmellsFunny	912698577696296962
lstumicarr	167590207
PBandJanelly_	477427704
NikkiMMascali	321525314
JoGonx	4789255126
AMcKinneyPT	1009773378
umbranival	293510853
TheGeekestGreek	1214727361
vibinwitcharles	53222815
LAPolicePursuit	37162208
terras27	2766432785
brooke_sauceda	1048083075211509760
reddoor	15150599
bttopo	19289114
omgodsitsrach	27759313
Aseva757	188185129
TRAP_220	40297271
iStefPayne	24910075
jrh423	2220879371
AmyRuss	20915990
AndAliceAlone	1661430942
jmaruyama	12664582
archangelsanon	17779291
MrRandyFrank	376782984
McGannon97	181033784
mnboesel	3011720276
yomarisa	15655814
veganvecoh	3497865853
ashhy_z	1395697478
lifeofdworsley	754930997209264128
Hula_Tiger	564808327
its_keily	818599958
mylilsunshine09	107854196
elisekdelo	61691882
laurenxx9	30370737
tmelissen1219	4797427108
kyblu8	60203361
onestpahd	16030557
heyitsmiad	2608122384
nataliaenvy	14681449
jennabewilliams	16653755
dannie_parraga	249016891
Sam_Gentry24	253312330
DinaR826	154379245
AdamMichna	42314299
AngelMarr0quin	152231829
Tweed_Music	250853422
RachelPologe	132755891
GamerDoctrine	4691830154
hero_zero	34324569
Crickett11	29541158
crazykind22	4150170979
meggiestardust	24496872
Hat_Tweets	897971574636195840
kmccormickhuhn	1950361723
paulkuo	7595462
EarthBndMisftI	2446483754
GoblinQueenie	95332970
ukrdoe	2738590482
briansaa	108384630
WickedNerdAngel	3291250466
AlvinIrby	181647836
McGinleyAllison	618248013
travis_from_ks	454179483
publishingminds	1577789887
suestein27	1873444711
douglaswelch	900221
andrewayala007	44990480
NyxRose	24221229
BecitheGreat1	2157972522
Buxley_Hall	14498066
DIGITALSPEC_LLC	226616979
IamSandra409	819733272
Tearrrrr__	88786393
Cole307489271	867200350272585728
AnthonyWTKR	242865030
cla310212	26354341
N3m1sys	1374621949
VelvetMobius	796491565338427392
danabobana21	531453214
brittniekole	393123305
araviland	250455252
NapJonamite	2395389493
NoahWilsonLive	72374849
thegirlsandco	19786357
watt9000	18904893
SF_Gamerbabe11	3354455772
iamdanlevey	25100623
slave2nothing	27081578
PigeonDiplomacy	109691914
joymamey	804946
cocktailmonkey	22273793
jisunghaeyo	96222593
aishahhasnie	27934053
GorgeousRay00	1059600233221505024
PlsDrawMeASheep	2156627613
coldmilk	15181936
catatmyfeet	36213890
alexalulurose	756638409792233472
emmaxchristine	358963668
BreaPD	66720775
AdorableGirlRed	1120468584
KyleeScales	199520261
KaitlinABell	1571334800
Umbralwalker	153145260
PeacefulMutiny	796455523885297664
donnaflores49	855031296
MadisonAriaRose	1739064128
tif_debias	3296171305
FraustNationTTV	1022623154815021058
stephanie_akf	1019264305202647041
dietrich_jld	467536869
CamillaLNews	2779833639
ezrafitz	110056126
shellsbrood	36147496
StorylineLLC	1574583956
yestoresearch	120536219
ElenaDeLuca	188180172
ODonnell__Abu	2319013403
quiteofftopic	198589021
GONSZO	18133942
Reiderreiter77	15961390
WJohnson68	449936336
Puffwoody	245225572
WriterAmyRay	134518838
CyborgApologist	2472943549
ElisaLitvin	285548294
emilyburrisTV	199927997
m_kathleen_h	24457970
Teamsters856	2307449707
rebeccacfreed	425288462
Jess_Bry	19925621
Lovely_Hooligan	72113154
Dapzury	848039305
ReelMFishman	312506921
AWood217	2895126367
AndreaCVaz	108078021
KelsReyes	72360880
Chieki	127426202
Eryn	45976971
Joseph_La_Rue	768527122239328257
Storm_benedetti	946907796791947270
jaz1976	22706582
sunshinesavre	3330395975
RainaTink	260256063
ChrstnMntlv0	159915997
senoritav76	186561339
omgchomp	24613253
wangxianslight	719645445077737472
theGDJoppa	411177149
hilarywperry	14673201
Kaane_Hawkvale	912810093858746369
_smromero	738996389091246080
SynecticPD	999632047122591744
kloberco	826578993172324353
DaysunPerkins	1223809958
FeliPixels	749742914
MaryAnnaMancuso	16952898
BrandonHatler	20105155
mrsmarkfl	75703294
shelbssunshine	55457947
grastondoc1	909431322
sd_fdn	79232746
JackieFaze	3764147594
Interpreter_Tap	762709567000240129
jensantarelli	9689472
cherold	74613
valenciaHARPIES	1462650805
darkrock17	2207290152
Humphreely	1387629584
RubenFloresNYC	163212698
JakeGarciaTV	752935573405466624
TabathaWaters98	847586905977790464
mogulmomdujour	427519920
theweekndsnts	809223877326946304
smickable	422040247
LyricalBondage	719978339004518400
dmctavish	28952003
Parody_in_Blue	966094790520696832
nikkikaray	790302681537449985
BabyBluJay	265142833
Beaniebabbeanie	2822597666
Khaleesney	39763120
sashafoxx	3327665070
BastionNeran	1914320418
RobTakeOver	131512268
Freemyflo	32629501
spifferiferfied	757725
andrevsworld	24733971
mnbookgeek	120187700
TOMLOS925	895001616801083393
DetroitDiva517	97534645
GoloRolo	1042454529676075008
adamthesak	12582832
hume_g	913646262
VeiledComic	969324483185119232
fmagoo	44829395
danny824	21345085
TheRvining	2384758489
beerqueenstl	27903818
rhapsodoes	905079634718543872
JefeUkpe	2435653013
claudiacoffeytv	1052901635008196613
NaturalistNow	443073956
TheaRodgers	190846228
kbliebs	21516685
missyrae333	22074274
GeorgeLeClaire	256634043
AskMarkWard	26861068
AngelaWhangela	1033611738
zsiray	613830313
bonshire1017	2898614502
carolg2419	4848093719
emilyabenfer	128918944
prezblackmon	22215181
MaxGlazer	24131287
jennyessler	459332616
Cindi_Official	64457998
JohnBalash	249685529
Sheena74S	898738097726382080
ReggieWilson_	877608082980966405
patientispard	853586694205054977
mrichert	40606134
prattsla	182906912
JDMadPuffy97	3499287133
sangaPhD	15804019
Makena_Mariera	1624549561
Tsmiles44S	23107778
IAmRobynNicole	87353286
redcarwine	37976632
tatisodalime	949432305143103488
mandi828	17521006
CandiceBenbow	25454311
DelPhillips	15080991
kaitlynmarianne	1852695890
megnr04	151315290
Ridiculuce	1383565447
rachelbillings	87768377
CoachChavarria	2252590818
Lina_Woy	1620500563
NewsHoundLA	733766125
myromar13	35962576
someswelltrash	192374137
NickGShow	474346820
eyelacliffy	21576286
bregilpatrick	22062071
VoodooRue	45412935
llhalsey	106494599
ConniSheppard	1044943402872254464
_JennyMoyer	511121400
mlzema	18340526
marisajanegreen	4661682628
JohnnieMonkey	20062465
bushwickrunner	317760255
TBRaysTwins	52130238
svdbrad	1107523147
DerrickArthur	319189933
LoloForShoTPA	2508495157
mr_joshiepooh	304197817
ResistingYogi	1040557088
daniel_tanori	892601046488330241
msisoler1531	132858263
RETlREDstan	2367385932
DalePhotography	2363313552
SophiaBunch	902279160286121986
proflpowell	595227048
KiaSpeaks	15249113
WoWMerixxa	2896824336
legitDottieO	843990303472205824
alexnazar12	1603972482
daryl_says	991553533706092544
DarrylPieroni	351849650
jenejentweets	292545757
abbyfuller	51848919
NicoleLazzaro	7315732
trippykaee	2596465636
featherfever	44306137
jordan_j_2326	23979784
RdyDetroit_Drew	614838420
SubCorrine	808920126745640960
Fineimherenow	1009561072389353473
vejarinc	2815520510
zphiiiib	103093376
MattDiVenti	34454323
HOIABC_News	334270259
chel_c_cam	217920349
caitlyn_16	630874381
kristenarchervo	127054019
zennioptical	85618712
judgenickels	877101
roadrunner032	3437999903
Camden213	832170709
hiddenphysicist	779368689527320577
thedailyjule	837528715164692480
WyCoVintage	102804411
helloangelchang	263398090
MyNextLifeDebi	2795615241
karenlynn0223	2890104438
kybee801	17656142
feefee36	19308563
AvotMirror	911267971
littlebookwrm	824247405457637378
thekellyprice	34117545
mickeythra330	2980130772
BDurik	636603679
elljaycee626	2221800402
Beatrizdviola	1626914910
tattedanxiety	892877072657416193
dereckdmg	21586158
gfullenlove	28702045
afallenphoenix	17935031
KChinapps	999410889022357506
Kelly_in_TC	1019066949786095616
rlynn_solomon	87343277
TownsendMktg	296508025
cinema_dave	24492952
ValerieABC27	19199241
JonDC51	135709774
DrinkIt_Up	902620462378737664
IceBorg	163682775
dakotasheltie	277186429
thonysmileyy	27516811
artdec08	945533699579367424
DoctorGeniusCA	818480067248459776
PunCMD	3302436036
LDD432	296389843
nmarlor	2351508768
ShelbyNicoleSe1	4840301647
HexComix	2596798400
clgomn	922049508
DaltonSignature	181997813
CrystalKeeper11	38205636
JadenPMcNeil	3095130883
ddddarcie	304123393
AD_Gossett	49521161
ShonaLucille	2432751128
luffypeed	2812335333
SarahBasile14	1037381316587790336
JaeNamkyoung	66795391
KSmithLibrarian	1059844682648305664
NewportNewsPD	2169003205
JulesMariposa	3190212338
Cassi_lee	28786961
KristyM2358	2420665177
blazin_sess	65199821
Imthejenn	61351826
Gee_Kate	44156758
lucila_marie	709923207847874560
RickVSimone	1588418696
amph1b1anart1st	17014603
ShiverMyDear	961662332
socalpetfood	2726997966
RecruiterZoe	614751167
victimadvocate1	2843894528
MariahB_Smith	1057334136535375877
adelheid1976	31966660
kylevogt	38538449
QueenSemira	870460017207652354
buhria	159187983
307Renee	942481172281491456
SuperMachoJedi	381880036
melaniejade_	16413659
Forksville	200574463
CharisaNYC	16549342
AubryDelphi	1034609546721943553
pamledenoconnor	182743441
BlackMuseums	595100377
KorruptKitten	1016152387159982080
TechTravelGuy	959557388092100608
capemayrachel	3348271323
EllenRand1	1262735300
ImahSillyGirl	19805261
tmfrostholm	1622878838
DrickaTaylor_	3318287585
maya_honesty	1541783952
ashblackstone	29301265
macsmail	11569382
cdougherty81	259431520
katedunkle84	2806453030
STLTerpMB	1907503442
justmeesh	16476224
HousingWorksBks	55060406
GinaDebogovich	14568478
Jgangsta187	368698080
robinhuebner1	1205571876
IAmJustDeena	17145858
DeannaAmore	1029299953
g_lovesbooks	795461512009748480
birdnerdroach	983009532350779393
AmyVrooman	3367426379
KimSiropaides	831203755056062464
finelinesuit	546187436
drinkforurself	346084437
JeseO	27897690
AboutPug	2209946966
The_HawkgurL	438910191
AutumnWyvermn	4352720307
medleymagazine	112839105
LabradorTexas	2793057875
FPSBlink	1857832285
mommy97giraffe	2381808114
Isleen72	50738946
southsp91	45250979
bluedoorconsult	18167205
NewsWatchTV	59837805
GregLeeKTVU	32666018
JTChestnut	27702908
RynoJordan23	499843349
suzdal92	255519027
LaraSophia	31593533
ThereseCWright	956031229949829120
byebaicai	757805458434306052
BSantiago_01	831914214
leslierojas	21229200
KaylandWLTX	3313741643
kathynickles6	2178679070
SFmeteorologist	76478482
RicPalmeri	25064195
Sunshine4bts	851925070545027109
JonathanValdez	19422342
Jody_Houser	15566406
golfercacher	219009508
Iamhamdi	95712758
Nerdygirl_stats	780536726682865664
ARSKYLOVER	155349930
KarenaLapray	1909134048
ddalekelch	242466652
gobprinting	544552201
james_riley12	1085809868
osnapitszule	628557601
BelindaMJBrown	498419232
agent_ayesha	21513939
Markoff_Cheney	1467777110
AgentArkansas	944424870
SNTrepie	49607518
PeoplesCourt79	1871975262
shannon_sander1	762005024587251712
oldGilbert	773729126595297284
SamanthaRenee55	102810457
SammySaltshaker	4919519777
annaca752	2577772058
tanyasattar	309469147
frankiegreek	173974339
ellamarieattheB	886025056480100352
cooltwin	20912116
kristencastillo	31171860
SC_Sotin	313538005
HMahedavi	1053677101113638912
N0TaReplicant	865706932601888768
Beingnaturallie	955582139474509824
Martinezinsuran	36135815
BensonCalure	844822916
CharnockJudy	721006656
BriyonnaSweet	167098130
royislux	792455316000546816
NickSeaton81	1433884376
OFS_Social	96823085
WNCHomeInspect	892870847752536065
kaelaishere	119097156
WeesnawSnycles	2641965262
dawnlopresti	168184306
MommyIsBomby	3294832503
k_tisher	451967376
WilliamsArmoire	1038643542086889473
Innamo	22261364
LMCatalano	57030130
FunnyMeNow	274854227
CastleS_L	801931932594540544
dreamflower127	348084645
ccoolchic1	345688090
ChayseRose	845750427517829121
dbodine3	31405778
mr_ngky	3075859944
dahlwrites	858717550753890304
sarahjeagen	264335541
vazyworld	26075640
LipstickNYC	66580925
BeardedGGaming	713523920071233536
GrayMattersTwit	843982667423141888
EddieBiggins	9963292
DaveTKoenig	19604831
Healthynewlife2	109473361
JBoy02	352829858
hellokello59	440011671
_PhongLe	23376456
EmC_McNew	2908315337
amyrlam	20485356
ediesteen	552901622
Shaun_Gilday	2959630251
JosieLx33	768828506134482944
Wildling0022	872550219556278273
ResistResist22	897488194773688321
Tiffmeister	21461322
lindsystelt4	420062905
NebulousNix	20586151
KrisKling	113762214
PropheticDr34ms	1855266734
SirAntoinne	90967197
kessaradhana	1286016702
RealJayneDoh	257048738
MonsterousJacki	184921119
amandarykoff	15859184
valerieggalette	2284270332
LeilaBellows	38757941
giospirit	16332380
BuffySummers_96	266999498
foulksd	117579332
jodymichelle3	268985607
RETSAssociates	456099825
LetsJustBeFoes	1412977243
TeleAddict1	738773458834890756
carmelxleon	1644124069
merelyfreshmen	25242648
tashben	43719902
NeddraASmith	1245044472
DhariLo	21714938
IMAnnaChristine	1533845646
orbitingkahei	3342087699
haverlycm	120234012
fraginexi	2623742455
12AMProgrammer	926153511959715843
J_Feliciano	104008993
EricMMrozek	73718254
MusingsOfAGirl	45416544
JimmyYaYa75	952062559
counselor_EW	758834496787460097
Llamachamaboat	750018155448307712
shepard_blake	2773314181
PoorRobin	86348953
dbow7541	1038481801
CamilleJivajen	724247819020840961
schell_troy	102446015
TheReyBashon	325371999
jaawno	543788795
louxtomlinslayy	3196993207
mbertz9	4233020727
crazyseandx	36405662
_rhianaB_	188184329
AnnBoyd64	1492287920
CapeMayBrewCo	286256231
twiddlebirdlet	745053689476329472
NeNe1695	27768095
Wondercide	73437024
Spencetology	713705226
herebemeghan	20629474
erinmroot	15393626
ru_thompson	1641069092
zerouv	261007225
SARANlCOLE	1646172445
LeonaW124	876897519258750976
OOOhTwit	899087110438871040
THEAndyHarris	157215254
PokeFanTrevor	320196121
RufioRadio	45924059
notmyname02	22044633
Wierd_o78033920	1017542227541790722
LCphoto13	22391135
mattiesafer	16184280
ElectraQute	1011442858530926594
mdawn37	43811908
batonnage_forum	961313679709913088
Cord87	55860114
RoniRuBoo	172893294
witchstrology9	946507197667614720
iamkocochanel	1044379619309293569
CoachCondiff	766316922359152641
lisa_hiser	21062689
chnikki	19754212
chrs090	803092618875838464
Lorie_Shaull	107247010
MokanaMedia	1046494638
loreleiharrel	2871635943
EatonBerube	217124409
JoeiMcartor	2870465001
danielmercado31	451582909
sunriseprintllc	176291167
megannlively	1405263990
EditsByKristi	1056773514
kiwidust	480396981
Adalia_Way	19301618
guerrillareads	78334936
wheatcaleb	237800943
seleonard310	282446096
spnelli_	213603669
ChefTsonton	559471170
D0nDeL30n	1706481152
busyness	22687348
julesb_art	2220308803
screenwriteHER_	44243562
1WonderFeminist	34132101
AliSantini	20823859
AudraStaffordTV	21905160
mr_coreywesley	185931793
TheDioneG	1228928791
ErinAverett	2752597938
sandzmo	460391883
stefanamuller	168907446
JoshuaCopen	1051675701546557440
RiseUpCB	838430480
gouldacademy	18223433
chatterboxcgc	16144800
ericschwartz	10540912
port_ez	822344662006366208
fcpchick	25847962
missberlyreads	628740209
LeannePFuller	2646466368
Kasey_Posa	25763927
MeganHillardCCC	20330844
alexizsaldivar	750089599
danielle_lize	838623421831516161
lisamia596	550196570
MikeGwizdala	22532371
TheMarykins	799814240190267396
JamieWalton	19325034
BradleyJSwenson	1512270068
natashayounge	65263106
elizabethdscott	3220089740
Brittany21693V	2239140659
kris10381	728009754555994112
travisjones16	19097482
fbginz	38785285
Katlamos	3561680535
OnieXOX	3292977208
_imvoting_	1024330571680505856
zoobygooby	1970279328
joshua_fetzer	756212298
SofiaHersi	1720445424
OtherJackieO	34146586
InterfaithWorks	320918970
SusanKings	21783505
Ha_Rudy1	2617776859
AlluringAli25	1350775796
JackMcford101	2584978092
CableMan727	2512973712
CallaLily413	3296308669
emtjr0317	79009304
amandasximd	217319143
hernease	54649501
jch6289	243428066
AdvInFamilyhood	1537779498
Bulls_Peck	2492550129
lifeof9000	888180519250350082
acruzlive	107481236
Priya_Dave54	346316723
brian_d_wade	718834296669077504
ClarElizabeth4	509888825
paula_okie87	23129392
heykris10	28724729
MichaelSperlDO	1021106648591552512
centerofag	2462031649
dvdcldrn	3138139362
EpiDemos82	432075994
CampScottie	350370754
malee_ward	184524115
Andrewrosch	21630257
NazaninNour	199325291
Welcome2Woodmen	2151642920
sharonasoks	118936984
MHSMiriam	28044895
kevinisrael_nj	16548671
bardwellfarm	842366015455526912
JimmyLeeUS	69683820
Kap10Kat	35035820
SchoolPsychLife	331433142
TheRusty_Nailer	637275359
max_jeebus217	1340571829
A_Meisch	889970896487796736
m_j_richard2	136440281
redd_moonshine	51308476
ProducerCody	25653022
kennethcorsini	1541746598
Delmons1066	859506492621414407
VinsonGuard	758330866170867712
LuciaLevers	1003699228433178624
mehoy412	1635777145
PriyaNembhard	454123474
kvangand	189009947
tim_okeeffe	5222851
Sodacan11	21369175
caitmhe	125996300
FJnyc	1344558540
HERMlONEGRNGRS	35997517
SometimesLucy	907622585134968832
AhmadOmishat	303009201
DavidBaumannORL	16577004
crazeekennee	152509618
rajanilarocca	1631489377
elistaple	1694827980
henmo24	493776222
IngiHouse	3344028194
HeyRatty	20189287
djkaiser_phd	390175726
travis_babcock	1464110647
BriannaCudworth	2775399229
AmyCiarcia	3366134439
ChildOfGodMAGA	260514145
tmandalaywala	2819658904
CyoungOnStage	3986840472
itsmeblueeyes	58899764
AnOrchidInBloom	2919031363
slmaaske	138478601
TFS_Red	3913959860
4MomentOfTheSun	871524267707424768
joshwhoward	63934916
InToriLex	2891260451
clansey51	3112947082
WorkWithKirk	2444408072
erasychthon	1325835091
tirlaeyn	275272105
XanaduFitness	186664694
thejuliawang	2205650540
stevefmvirginia	246964519
cmjsgates	2839269836
AshleyAPutnam	456795150
Caitlyn_GD	861350124324347905
lifecoachkb	297593541
tonydelcollo	766414655984205825
XenaResists	68795463
TimBella	18804789
pwarner1	17811588
Dayjavoo1	2452530983
mntwinsfan07	60372683
MiladAlucozai	3515494049
lloydus2215137	460714241
kmmedina426	251456240
Jefftuttle	18059262
siirimorley	23220813
carobgirl50	473637241
Juelee42	243735741
RachelYancius	770988957832216576
cinamongirltcr	217937967
BishopGBloomer	18792451
BathroomTexting	753218070785720320
ran_dll	97726082
CDL2004	59565920
MissIllustrator	75360706
two_ten	22647508
KevlarMenace	9634362
TheKindBuddy	4173358287
kequinton97	797000394
KnowParag	824372323696439296
StrongBad328	17699888
DeannaRadio	2165387912
Wildaboutmusic	35577173
TonyaJo5	1048938358968336385
IdentityspyMike	3138212784
Mrs_ESFreeman	2590599264
iamdalzell	3333223833
lactodouladrph	1425643500
AbigailStemper	1041770114306269194
ryanburdue	1914619765
Burek_Sarah	2297091894
laurenaliciaCon	3633523876
StuffiEnjoy	195439858
CaligrlinNE312	714615034287140864
lmk_nyc	2349189703
TheUSofus	801169112533704704
CoachEavesCCMS	1058739403995168768
ColleenLevine	16929009
ThePridePages	224792735
Maveleye	26453761
mattdonders	14458598
ProfessorMedley	798691116
talyho824	405211186
MmeMalarkey	2240070073
FyrGurl	15035834
Cheenee	7358022
Viterbo_Univ	20623175
EyeHartHomonyms	240818816
heath_hunt_	716993272812580865
thetidebreaks	195956095
tatn23	1022674622
HollyIvyDesigns	976121453094555648
ZenoIsAParadox	754345935098916864
EricaColaianne	335912274
dbeards	37508737
SimowitzPrime	727268608699699201
tmprevite	1191085008
angie_geminii	480777445
EverydayScribe	3565762213
EvieJamison	423924827
LJsOriginals	41405236
dredclarke	20003975
Chucklhed	32248589
immel_amanda	50737205
d_unikue_a	2866253653
c0z	14449337
AlianielloJoe	829118945517039616
thedayofsteve	803587662284263424
lexigale_	2517523955
terryreed48	321583100
elliebaba	18742192
celinaMTL	88587753
Roisindubh_	729731901469007872
burkesports	282212255
ItsAMSeiler	20698237
megpseril	703478091373412352
DeanCaruso123	737772818
SaturatedSunday	706060383
hobiesdimples	3035236022
rinabracha	4860309618
TravisDeArman	475194167
_shunyata0	740990847664037888
therealhanyolo	878982466274549760
dlhill7	2899620801
mikesampogna	22065652
njagitsch	1058218268350185472
oldfilmsflicker	17505533
CathyCapozzoli	406022835
alex200diaz	494414022
BleilJordan	849414481172189185
BigRigChamp	975097172483026945
Tammie2843	3863199927
JeffKurzon	52436334
TheStoneDMBFAN	914621630764208129
bhallgeorge	2733261790
lessherg2014	871841783046713344
RandDuren	15264578
chartmann99	41650683
kristxnn	253348740
gracekruck	468871565
TheLsb1	739974872537784321
LibertyWaifu	25123743
xdaltox	29910768
emurphy7	56201361
smrichards30	2993381518
austintbowman	327734911
Nlet212	33671191
LauraMiers	170280910
TargetAlien	1059648090334998529
MaraDavis	20998003
PassportCarlton	14644293
AshleyTPeterson	249688326
megjess8011	785314282338746368
jamil	5378752
IbeNEB	44643893
GroupProactive	1044284047030128640
CrequeOleHouse	262970224
jvrbntz	252965726
SamMiniard	3026785441
MadeIn5thGrade	809878175530549248
BerdyAndTheBees	24992307
ImStevenNeal	817053673419341824
AnneErickson	21091805
pdeleonjr77	2618637975
shelbyfiegel	1692301308
gmv398	155918979
vanna1256	360858233
JKuitunen	334826733
total_gossips	724979515403964416
JennieinDC	594824361
The_Real_Klaatu	984069140641140736
Andrew_Cassidy	258568901
VivaLaaJustine	373634620
Shuttrbuggn	32849146
msKeishea	755060256829419520
doyinspeaks	348654395
BigDaveMAG	2717390700
Lindsay_Stein	378189745
AnjaliVBhatt	4195283260
JLavenberg	92183790
loveliestlinds	3049663128
SteveYovish1	842223668600098816
TheMeanBlackGrl	29112252
prabhupingali	51850270
BrianFritz	23112757
fnytv	88374158
tamzencohen	97274861
JasonDennisWTVM	31231059
THEREALDREAGEN	716792297623568384
McClentyTMartin	4702940485
RealCurtisWard	207852263
BigGiveHouston	4801631058
ProfGoff	2412676104
ChefJoeLewi	17903693
AndyK1005	546260994
theleewmowen	154229409
darkvlight2	891834662372462593
VampireAngel_13	486641065
algp8150	194660665
tea_shh	3895389554
carolynheard	136452633
TawnyMLara	501944566
HannahsTreasure	116447254
BenHamblett	313022277
ClipPolitics	773173539738226688
frankjcatanzaro	844693687607091200
natsyd13	1720306344
uwoodhavefaith	910556360626130944
TurtleRua	60031646
JerseyGirl1316	70879462
laineylizzard	85886305
jlb1429	900926525402472448
Tour_Junkies	3246449385
CISJAX	19035191
gspanko	55365004
SonicMan2500	19202145
umangarang	46970319
arznasun1	400909743
lharms_aq	724648843288162304
imclarissanova	267259647
goosebucket	15237202
NRKintheUSA	338703740
rrvanderbilt	467652283
OmeedFirouzi	75425872
theoryofchris	300488931
TheMatthewGrant	27094341
amyou23	1055887833565663232
alyssabernstein	24336401
libcam	34032271
cullenbunn	8324232
JefCaine	457814215
BenjArtStafford	354441723
SarahFoxes	352010575
cherielianne	18065794
jenny10t27	176229855
RookieJen	449290152
VinCannataro	880797595
DJPhartz	314041054
Agnc54	788817550331314176
McrandomRanty	1046060738496757762
teenahmahree	505384035
NamelyNorm	31223321
ashleyrm	22404237
hey_its_simba	352012951
ssalga1	51346066
aubrielynn	16708643
ShannonStraw	356291785
_KrisCo	191943570
emma_rose77	845878446
SEPAAHEC	888504722306600960
Jack_Fabulous	328283670
marlascherb	34040611
ChillingCircuit	811293391728189440
MoxieMagnus	181805513
JSFlemingo	633265463
JJMac_1	289127830
SusanDelCampo	631684500
jodi0406	3751558698
SumpterRenee	3078612888
Vickvangogh	391712102
erica_holloway	17173838
UnKamenReal	18914860
HolaUlloha	974646464377950208
jammer1027	28213404
Cindy_MGH	838864205583421441
philmillerpm	2886600792
AnneMarieWTHR	105227702
ZackScott	14126785
TrumanMSTigers	929066461456318464
LesNesman5	920156108
MellieHeron	306929938
RosalieStanton	109976739
meMarianaCruz	1030509601576366080
Baby_AGL13	888617524497190912
jencoleICT	353439433
personalitty	236215810
cooldamnjack	2894611095
SplitPeaches	24603775
AQPresidentCook	2336801824
CorJayN	2315083941
danicaeve	39682322
Doinitbigallen	1011519547
AirTymeLutin	222221874
tomameen	14278582
asocialbtrfly	1058733560998359040
SmolderBBQ	3259327356
JulieKashen	455716011
oconnellaboo	49012635
LaurenESpector	411270795
MissAnaTX	464771557
JhoaJmnz	61780000
b3thanyjane	66584015
MikePurzycki	4407557715
tfhurstauthor	966071649807273984
CristyDwyer	66480687
ArmyCorpsNAD	115666916
LizzySurprenant	1137434569
hollis2617	937073265830432769
RoyABlack	1454324071
sarajwalton	440497941
joanneintexas	902641396624084993
amyebutcher	1143349417
TonyaDiNolfi	2765170571
snego	48236235
julessssss	15750600
Loomf	32292202
nkstn83	23364791
StefanieMockler	186691165
jennbobkitty	285770112
jlshearer3	779169858
Shooters_Wife	611350965
jwalz66	53613667
lexi_smail	52609588
allymarie93	255090529
AmesLorraine	41380528
Frank_TheBarber	264931836
2jase	21117160
wilma_mui	824259310742081538
TKupyours	1653009980
dungeonbeef	265314276
SyndromicGirl	2285333724
LaurenAndrew711	2746711116
niallftjerrie	633049535
NatalieTysdal	15943938
ABenalt	2543603373
ShelleZBelle	590319502
NYmaryann	251645841
karleeta13	725368661465288704
rlprice74	509526937
x_markdaspot	602939177
catie__kaboom	69642979
rnbmom	24380395
eddiespageddiee	1016089220417511424
Gambian_Queen	99211780
SkywalkerJediEd	945353625211109376
VivaLaaDream	50439300
eugaet	17091641
JaBogen	292575613
LenaLouisey	1040059738241855490
jenn2today	17314576
im_JessSayin	121453578
lcmtvbreath4	282545133
Kimrenay22	1310581591
SchneiderLabs	2515329230
JamesMSama	29336037
ally_martn	784824063881543680
AnyaynA	15690888
PhillyTRex	982628478284595200
abulletaway69	834805413870596096
LewsWorld	33107003
jweinhagen	32494510
RebeccaLuzum	339790232
stars_gal	16440529
taravets	2250929659
jngc16	2327214539
Madison07885315	909093002735505408
RobynB423	350487871
crucydr	58109874
RealDBT	539787567
TSPReview	533593625
MyMouseComic	968920592098451458
KyleBMercier	485758924
Olliesaurus	30743958
SwordyMeeks	962841941242150912
hollyrose3113	2648621975
colonsuzan	93692688
chartgrove	27519274
josh6881	43728194
DrDorea	2516833177
dreface	31134514
TheoBroganHODLs	4231311
TESOLPolicyGuy	715543646339260416
carrieecotter	174775680
JoelZawada	70580779
AngelaIvall	2402207964
OklianaFarms	747039663458783232
cult4alli	963406892
KianaTara	2419385785
MakomNj	1013625268479676416
justaverage1	31292159
GreatrListening	1170070104
cookieg82	1071186121
ShelbyAnn_Marie	2266086188
mel_oh_elle	53179358
bleedaquaorange	368899438
Clark_Kent1	41381640
Bulletpr00fYear	369786165
hzikas	17126519
Samatsa	28727287
NickiSueNews	38528217
HazelDimplez	35961164
mouseinthewild	3004215430
lukeslytalker	5866442
furmamafurevr	4173094599
MegLWiley	714302690
tildiestoybox	4858446177
ktny	27370500
Boring_Lauren	141664333
emdavis3	41251836
krzymorg	136005798
MrsSarahHarvey	88805528
RJP757	97372817
lindsaya525	356188761
ninab0904	1047739156263329795
rlgbrown53	1708438789
RobsOldPal	775162575420002306
chhraleigh	961501496
wordsbyholli	834245309962272768
mrsorimental	919279988943347712
TricksyWizard	887323107475718144
nicostuff	22686959
bench2bench1	1052056500800299008
JaneJensen	17439717
moniadame27	188945580
DiannePater	17231929
bcran	26048931
jenniferjstauss	14343852
NetanelFinkelst	710865362208878592
laxswamy	14787019
mrkampmann	22879916
KrisFleck54	839975037851619329
AChoiHeart	291080116
CPApparelInc	488574513
gusgear	49617227
SheriKotzum	2733311582
Sparroh_Hawk	838492519
KyleDavis2000_	1030855655169687552
CES_Hulley	1034115201979826178
Carolyn_Kaleko	2336957190
Sarah_Bella_30	288343862
Tebow815	148130330
emily_dawn	21763420
DrJeanNazario	161297276
OnAirWithMike	290099329
creeksidewriter	795628507384659968
annanoell23	870084709690335233
Julia_Rowland10	4818884296
edjuanjemison	137816095
MyHeartTooBig	567764724
JamiePrimack	1909763288
Kazzzy56	3072732406
thELIcious0	73521506
rfranqui3	1040626244990246913
moonhubris	731555023700787200
NYUHistory	2786079517
2RoadsBrewing	921253231
EllenLevittEL	18312797
AkeelHaider	14272273
shizzy_snorlax	21281125
Robert_T_Taylor	31405449
xfsista	23226211
Nilwick_	1328104118
JustCallMeXo	347654464
ThePatReidy	29081711
binkleyz	34426582
jennm1209	1528958467
margeinncharge	395645685
sharila830	1365062706
The_ChrisBryant	787483152
leafarperez	50731055
PunkTiger63	734121708119019521
kfowlkes82	456785957
eatpastry	81672527
budman2002	34689353
francie57	23458411
LizBrady	23705159
camille_mola	54781086
vbean_gene	705485122431090689
EvanTKelly	256342095
BrainLightning	86132581
Suzmom3021	786344308421132290
AmyVitale	17224797
kidinfiniteOW	256782192
KateMessner	16158639
IndigoSky35	113982260
book_wyvern	873848935
Channel933	23621174
TheBroadwayWiz	4252456823
dat_may	181379292
Star941FM	16513752
WomenUnite11	1057384113500553216
FeXStreams	2161693165
flyaway3	24921993
dianegreco	48093569
SheeelaO	32389943
ali_f23	261583916
peachiisms	3193066541
GoddessOfNebula	16877490
spacey70	258378920
CaitlinRKing	293315913
Smplyetstunning	1382798306
janelle_ty	2768241314
PaulTelferFans	1732422457
Alba_Dawn	144564702
bblsanderson	854973757
GenXresist	1056395332811014144
MsMirjanaM	24638139
jeffwigal	114093380
Lyssa_Perlene	1146727686
QueenJavaVader	1496053998
climbrick	331799811
MikeSG_VCU	467462395
Lhleo8	1387675794
kimberlysimeone	32882131
wynnebagel	22109193
sandwchmonsters	1418845436
bypaigeallen	269558578
jennielanier	827914820137652224
LiloFedora	2364527516
StixilFox	223026527
Jenjerbredhawse	824949760117325830
JeniBohls	476317382
ACPressMelhorn	20688698
handmadebycasey	27770900
sgonzalezjr7	3240306774
avipedia	15526388
BoweBritt	770092328
backyardyogini	174430150
CarlsonNews	249171933
JayJay_IsOkay	2193257703
Ldias__	948221236164878336
nancymacintyre	105019721
Asberryaj	2726320525
sbiggers212	433416353
primadiva419	319162609
OfcKoalaFart	40575745
chelseapini	188068980
jmpiwtorak	31337959
GerresDPM	1717335199
EvaVBGibson	1580512104
imanadmin	920743563826143232
30Podcast	3001658195
Samikins182	2490135624
KellyBrenner	158445476
victor_lane	547176682
tink_luvs_sleep	739628371177541638
FourPoundsFlour	8780622
CaitieB1	951664365090066434
theartwyou	47193892
BartleyR	28465291
universalizzie	919236405259325440
lloufast	245568342
kristyejohnson	2880324550
Social_Chef	301068740
summerll0ve	43526348
rwolf_94	306025746
BlaneHumphries	270959335
echowood	13559222
AdisaReports	361654733
Resa_luv11	449859083
Becky_Eckblad	480909416
LucineTarman	296901726
sedefelice	2843249441
hollice	14651686
pianu_reeves	1513380194
TKHousman	1054525611778211840
jamieklatell	19998429
psb_dc	2908107542
Twit_fer_brains	388349206
Bit_Barn	911353475212234752
fayejackson419	813169543916978176
CsquadOfficial	2469884286
corleycline	105549927
Mc2290	626567123
King83Great	1005576161303416833
littletoright	818851053965869060
JMPappa	39561608
AllisonNJoyner	850399697692962817
Cefinkle	136637409
niqgreene	55763751
JasonGloe	359678782
hseventies	2757389280
ThisIsLaurenY	2753807133
Kamtwitt	134133479
jldiaz1	18974167
JannaMaeee	35519138
dericko12	212557472
arendell_c	796362384084439040
MsAlmaB	353855217
HauntedDriveIn	278762056
officialheidis	242472411
AreelUS	227777313
etschultz17	101268558
mattieress	80904951
LatinoLPForum	1929484369
kcdeforge	99626000
wbirbeth	37983072
Hero_Chaos_Chao	2910345299
Half_Packed	997960749573124096
daisygirlmayzie	17539094
MorganEnglish_	97127450
phoebeplagens	18142266
erikpmayes	1514026632
GuyWVTM13	4854812272
lanehoke	803667323097858050
loriahutson	51751149
GenXGina	543668683
CardioGlow	3328415877
ericjmontas	1413143604
JRandallG_	1013658288964161536
Sabrinacheek09	3317576909
CasiHodge	724889846
rhapsodomancer	1059570735990140928
ULUCNJ	2885915475
JillyBSN	477274544
ambixcx	353746993
koryaversa	55615436
Boutziee	932346443192520704
jingersol36	1539263394
delwilliams	9637422
MonaLisaGlam	65155247
sarahbobrow	3108654531
wigwam	5561562
TamsenFadal	15466121
chronicleNCC	405148385
rousejoe	334648204
RossFirstAlert	372595401
AzraqNar	941399943335567360
Moonbabykdd	1611555037
TeemoneeNYC	30689667
DavidWClaar	795424384752164864
dylnmatrix	205550414
VGATWOfficial	2343070944
jasonltradr	1941668168
OlathePolice	886841173
thekinderguy	33093259
Melinda_Davis11	35139186
dianasunVA	15061682
Anderson_Harp	164021663
AlishaLamb87	3873389403
MercuryRising73	786029080504332288
PetitePhD	829849011054055424
NurseKathie	284005959
MissEmily2390	354540962
petershankman	2569261
ShellyLynnSC	917890623012790273
GermainLussier	18216888
_samepaige_	2786582041
BetsyFitzpatric	364820588
JohnrayJ	23598426
ellekam	315886893
whitnibble	1168080444
KristianCalhoun	124250423
latrice_davis	197303127
BartimusPrime19	30004549
Travvie_Dearest	2355132401
MommmaLiz	833845303
brianspittler	127764455
MikeBrony	1571773548
BoatMateARS	1601852239
EVixen79	15046431
celticfeminist	6859912
Savirella	2204874359
epkeaton	15717626
IanMSchuler	25137354
tiny_dancer_26	20021813
NICHELLEMURDOCK	22448254
Local2029	1566683257
kc0wir	113517906
WatchLAeveryday	56813273
natalibre1	1059833628715347968
RRtexct07	1861457220
thegoodwytche	806067753505460225
jumadrazo	186105728
jenniferrubintx	16242675
kyleRok	129574772
HodgesMary	298751766
iamwatertribe	50538035
Twisted_Jeff	723383354
sternyouth	826525039885381635
Sagittariuskid1	2710655723
drkristinb	1666569266
toribaker_11	612037703
mandylpeterson	102564592
kjputch	19357774
SarahNSmetana	73968519
megesme	128441967
LoLo_Rraine	25629381
kentarcher	111532762
mhill0425	145688638
JustThatGuyZach	4212349635
SCadinski	63530868
spinstripes	17330601
mcwm	15535595
FaithFamilyTech	2234724853
hvwalter	208137715
wchrisg0528	70793606
Rosalie8710	762414320827244544
xXGuidingKeyXx	2202424278
BobbyBakerJr2	712621051444748288
kwest8785	235760134
blayne_telling	958406183928389632
tonyk_90	2826309057
JeSuisDeborah	760665946499510272
ovc797	775280857
Trekkie_47	3313840285
AFewShortCuts	52826354
sarhannaksmith	496090677
sputoola	77687769
rachel_yoho	2985145831
spagrl	14506696
KikiTikiTavi	435445041
AnnaCullifer	120278801
AbigailRob	64822901
TomDietrich	15664398
poppingpenguin	44456051
LegendofLorie	1485242329
stevethegoose	26156002
JacobLongSTL	36717939
DoryEdwards	245120454
PDubSC33	1057758625291214853
IsabelCB_phd	1016020169863331840
sallymiller132	2561592085
hoosrus98	2388596363
jennyfailing	1312332247
DemonicRaisin	3041670492
BigCheeseKIT	27279128
mkmittleman	733700804
jennluvsjerry	2976021413
savanah_irene	393729809
bgould4berkeley	705580630235480065
AlanaEBranch	202926566
stephielsays	525892112
perfecto626	352022432
lvndrskye	2736309543
heartsandroses9	596487575
STEMSteph	31312813
that1chick11	1480423172
hannah_rekoon	882790585735593984
RealBrandonW	2261952008
leslie_gonzalez	43928551
JanAustin88	195630057
cmarymase	707963224990355456
megmaker	14788073
AshGore94	741731035
dianetodd03	2281328570
gjr2_	266375234
emilymcafee127	859260736975065092
MrZeratheMant	2789930336
wxkev	17344324
AmandaKinseth	17749546
Tusk231	917803619457622017
GarrettWKYT	1447670179
xoxsimply_mee	242553294
MercurialMiss	96385482
eventhemark	744245510
RyanFaber90	512747752
lizfiz07	559762595
escoozeemoi	21443545
sydneyyleanne	910734829
tortellinibsct	278095272
ABeautiful_Life	219182265
Brantromyzon	877997086394003462
theovrxpsd	799653849132896256
aussieg23	298690001
theBoEffect	268830464
GoPixie18	1917843824
AlexandraLSimon	2838714771
MalaGeralda	1038542770129068032
SethJMeyer	295145828
salkytty	35784550
Trish89	23973639
Melissaa_ruiz	2303954706
katieloy	38607080
diziara	231929956
exodus803	132774948
curtdubya	12108882
itzamejennifer	140275687
XioAxelrod	1319353902
tavaresbooks	111075647
KilljoyAEM	4894172285
danielx2	17717773
jonathanhayash	3057333527
philliprohde	20285525
davidestearns	185759280
CanB_SmilePower	299380526
JustinSimonson	1202983213
cwmillett	99200399
Subie9red	323437795
isarey21	3270676284
rebeccastaab1	1639628455
ElleryAdams	294102977
LindseyArlos	885887040
mzmiszi	175747203
PatriciaVitale2	448839940
mamawolfeto2	50851477
infj_scorpio	2620813033
cramar51	1150824470
nelson_jeff	24053352
MojoKookamunga	900764779702345728
MarcusKBye	30699692
JessicaJayhawk	314356233
thinggtwoo	16795716
phillworks	2243712571
ItsaYoungThing_	1030207566628970496
Katieboo720	74652122
LateTweeter	633130331
thebigjuj	316651512
TeeceeConnors	2429713881
Void6425	797238772656197632
burrlockfarm	785892282390028288
chickytenderss	894412330288783361
craftylinds94	729323558221000704
bradelliott23	78804344
NerdReactor	161067126
bougiegentleman	1539701226
latinasmoak	353390069
MilitaryHire1	2850227879
chrys_sterling	119218848
KrisKrispool	1132568054
Rudyland	9636132
shawniedw2	330128037
JUICYJMIN	3193625862
Just_a_Photog	124920408
DanBearyremax	3011595762
kenny3stacks	781328799845720064
ydnc	47146130
mishapresents	1035330765503033344
brookebaumer	22701709
unclebhawk	2793318129
SweetMichelle	1909859834
ashnic095	27259390
AleciaWesner	81112624
Mercedesc300_88	412861135
JCB_Journo	907997984809525248
itsallloveg	245189262
wordnerd_	1727026051
RiStuCo	1676086927
JessicaCAustin	75902878
FLgeminitwins	36997063
jenmillsap	730242754001969153
geekbibliophile	4846750933
lindsaykeegan	13060612
JRidgebacks	995332773425696769
OctoberSpirit	20415631
DrewDietsch	41290997
_brittpacheco	558752233
HajjFlemings	11089432
kenhurtinc	818844537816805378
MommyOutnumber	426063237
IMCastIronDaddy	712477017028091904
CJFLOVE	388633582
DSWhitworthAU	4799549114
shawneda	15617083
bridgethbradley	2753868958
dudleypj	15533317
BFMack	42885752
beth_morton	21602136
chanamuu	227070976
ripcitybball44	3146732532
tsspiegel	25721214
thebrentwolff	261535554
grandstreetbid	198900201
thebrittneyw	16919540
djbiancamaieli	29137611
paradise_arcade	994998504857722880
jjpyropi	149610180
_msvrios	768147869240930305
JABlaze17	828651456408518660
mmdesoer	515008453
JonahArnault	909193775771201536
CaliGrl_fo_life	2159725837
RozetaaaStone	22344539
RachTalksSoccer	983182730354675713
AlanGedeEdwards	180777063
ColbyLarson3212	879245833
ksausville	24546212
ninafougere	20947604
LaTonyaHolmes	34866114
TomFergusFox10	1687283088
westery1	21097364
Inyourhead24_7	873296742875369472
eramirem	147758495
EKTBenn	748202660239654912
_AshSweet	2282367194
el_barbudo42	985290418500919296
LiberalStallion	349212943
Lu_moments	2444756300
xmzmaria	189446012
FilsingerEDU	2767150320
subject_eye	359934549
DrMomMeowzalot	757982082631143425
wayneholland35	29948870
gilbertlozano90	316290038
monte_python89	48155249
jennifersharee	188133125
93pct_stardust	335870887
TheUhOhDiaries	962760309504139264
CheetahMan41	320066430
timsamoff	15758847
JimWFossum	244128517
Salamandrecus	4852989002
affirmed1978	60644562
suzycwagner	249805065
kai227	41360470
04JeepGrl	21269292
plinys	2473555394
SMKSapper	2209983391
dmbmonkey41	2496320638
cynthiakirk924	733045089941999616
kristinmargaret	38008981
lizwoolf	15253785
KamrynAstorino	1057489641815851009
AuthorLDeVore	239175005
LUANNO98	703452534615072770
PattiMinglin	16898309
eatgregeat	91506664
Chico_Maivia	25147056
JodhpuriOnline	394814148
DrRevo	54913320
kevinfitz1	16973035
VAPremierHealth	2565320234
TruthOfAdulting	921792260374609925
ACE4Xtreme	36417527
Natasha_Hot1047	1355543142
ScopicEngineer	946105242436878336
dancemomjo	2272442282
DavisKaitlyn	385982987
loriwriter	570212250
Jennifer_Kiam	23879495
VVLatina	899104263577763840
JenieceRoman	4034610263
nickforokc	806411850795667457
andreasolana29	287476206
mshughart101	3732576437
fionalowrie31	35949292
DebbiePatrizi	1970303534
Pisa_Cake	398893348
toriaulrich	704074443971231745
SamuelCRoods	887409570833989632
LyssHinds	104038388
lauraesales	61098491
adelaidylou	221158127
CMHDocRob	16395001
WhiteOwlPhotos	749991229228736512
CIOPaige	31799864
CiscoDisco86	969941026109616129
JulianGude	720323
leavitt9	15107424
MWoeppel	20215685
kkitty532	26151998
kgoos2	42348822
hannibalv	15556352
zambyy_	141292430
MorganicInk	284265377
TrinityLeiser	811737396
hiviho	97837005
RoshiPelaseyed	556341573
cassidygard	17034631
pcosellturner	573864636
SAMericanHustla	972897724206080000
NickHubbell65	710869024327016448
KellySlayAnn	600336751
CartossaJenn	1007154441630502912
AvocadoHydra	40562292
HorrorContessa	863133340844642304
MeSamanthaLee	1971578130
celestial_nyx	1682031835
ArtemisPrime86	968631549011939329
seruhndipity90	4034806762
supab3ans	30406245
PoisonedDiamond	60057146
Rudo_Rampage	177295539
LilMissJen23	128602760
IbrahimSameh0	609307030
boppitybop	42674194
KaitlynH_	348860409
Alfonsophotogr1	891803018613673984
thathonkeynick	36831842
Jasoncwright44	3224928391
ZephGrey	266507619
Steph_squared	222227425
nikolesparlor	2221376790
MelissaOtero	17996334
lisa9293	27243569
Infidel_Ken	789364923147100161
debb_morris	562970647
EmilyLung	383488204
slancinator	56566543
wortholomew	2232381649
Feel_The_Kay	784558280362295298
Tahiem	23897524
KatieShuck	309823586
adrianewalsh	43183214
NorthpointeBank	266125503
PoohSmall	75453496
VBartilucci	20077610
nolanhenkle	36759663
ParenteSarahM	130697165
kristintweeted	4026083074
Violetworld	63176889
LizRao4	827269043795005441
sdpaulette	21412357
monicacr7	28034060
cortney_42676	150101603
Ryyyan_Kiiing	341200653
imdarrenya	371612000
Henrifryemicah	451755733
mmderosier	731653874
RockMedics	764117427093319680
kelzzzz	17299697
jkilpatty	15270815
GeorgetteLamour	45741540
Nilougirl	44430563
paulnutwalnut	848036460
JustJennyJam	968676828192718848
CWJ_mo	1472851712
lys_lgrw	271568807
dj_2_0	2905324177
cjccstomjewels	723355352440262659
ChapsPitBeef	409565027
imkrieger	45768361
BohoCoach	2352302856
danesgirl1	277756874
casareto_re	3412336919
PortalBen	1571535230
PRgirlmichelle	863202404
yoraff_	36786739
MontiLee	7194452
Swain380	2909206810
rpod952	909912355286511624
mspennycrumb	550381946
A2JDScott	52765973
sabzkaid	1042204161771823107
GunMetalDrip	940138174541688832
BlastyLavagrrrl	58096876
avance88	97267957
SilvasDesign	486993140
MarianaPinedaBU	578590676
fuelinggood	17660580
ant_nav94	71684054
MeganDorward	192327809
AshleyMC2012	505216105
R11Jango	3320642779
klserr818	40053203
JoshCox69	871521882826264576
bitchndabigeasy	1460663862
gnayyar	17782359
RellerTiffany	956000472871178241
JNovz	396831752
CRArchitect	387130904
magistra_moore	228414971
FeelMoreGooder	40384454
nmader4	824242291833499648
EPGelion	153062527
Apaolozzi	96018016
cindy_louwho	18038886
SteveBrant	16377959
cynicalove72	2881630224
jimimxssi	997133436019265536
nai8478	721683182
guy_irl_	199470737
JenGlazeGregory	288034494
RTred5	2191418041
Court_42	88807087
womanonthemo0n	2800762664
BabyGrey17	1059852509429293056
KariLikeSafari	6978342
NickAVV	56411533
DrChrisManthey	66000366
COPALMN	1039569172701818881
krys_danyell	320513209
rachierob	597035014
atandthesoul	894415724122439681
debbiefongdraws	481021209
JaGoFFmusic	26570229
linnovative_	1861197895
TejasXR	924698387286581248
TooTallForChina	34562026
cellularjuices	890673589179088897
I_Am_Danielle13	572960374
uhhemmy	4875875080
BeardedMan1975	2838031211
KeniThacker	24411441
beltray	26686811
SassyNonna	545434480
ShaunaTracy	309707012
_nickcarrillo	92455942
TheNickHaas	294768582
JJ_Renn	4264633504
Niishaaa__	380382249
RIwerks	2729550396
_ACiSSEy	576823118
Jerica_19	608556363
DaManDOH	2234025884
HEYJESSlCA	35391199
Strive_Cares	884828496245121025
SusanFari	288915088
adarty4	870376871791271936
SharonKehoe	293752618
simpblee	1057066898582466560
CharlieCooperTV	1326906805
Ecoliteracy	64851483
MJADetBos	237435747
Bear_Ninja24	2572832903
rose4worldpeace	24287541
sheilaemasson	117416236
cj_kirkland	447595695
stephhillsgrove	990710259902754816
MarcoMateoOchoa	38718713
chelseadugann	270632747
TeamDean	865713914134183936
lizzydawg	1228307106
BorderNewsJunki	307788395
IanAMaddox	14862158
GeraldDThomas	1712601643
Lynson36	95989391
OfficialKRalph	962386051
steven_gatlin	43197357
nowakezone	20974645
ConnConnection	103423283
DFW1016	704004733
papadoc5656	1335759566
KevinCharlesM	426673519
itssilviaa91_	714276666105794561
travlingmathieu	3254172737
gr8day4bsbll	354079396
zilrellim	15906077
JayPorks	25648701
e_revolutionist	288716170
sethgoldberger	98637198
Tiffanie_Fisher	472408841
Techari	32162152
larakido	63335497
DeontrayJones	862500531654213632
Scruffy_McBeard	749357525737148416
mtoddcohen	115491773
TinaDudare	94105500
PinedaElbaB	339913523
neodem	16194354
secretzelda	2448533904
pajamabooks	59467284
emiljanaulaj	144077250
okadascape	90859217
2tillbug	44346258
danscholz	16909717
JDJC6251	925530990415613952
marianasunc	339219535
umussbekidding	903078139
jeflip	202680312
ThisAndThat71	833641268278341633
rawkthecasbah	719460842
missprzybysz	1708735778
chrisversus	1670098146
goc_34	38206864
BenSchorr	34338623
ajontheair	25862747
Michael_Kram	303519246
BreadPilot94	3054818957
dabuffum	83598672
AntiEverything	24632123
Number1ladii	35615932
ditto_09	439441188
kbjurgens	2318140218
SMMartin_CLT	277215838
Doc_Lehmann	3012789525
jpeck1098	2386102955
JayDob_	724730792539230208
SFdirewolf	564511791
thealisonjane	18301512
NatalieFranzi	559612567
195tiff	2411639178
manbalz	325215584
badsamaritan121	354256094
spookemsprout	2151945757
kiwitennisclub	72867651
RichLightShed	14992263
DiamondKMG	2837684997
reinrag1a	8652512
zachary_m_rohlf	3348037834
HannahBracha	763838796936937472
ColeTres	24108791
andrewcareaga	9163182
sjoneslewis	50680164
JodiVerse	1535591431
Birchett86	2485280819
TheOneTrueAlexS	967932599208480768
adajraven	3561085515
MayMoeFino	488951172
tjkelly	13736612
RickCMJ	21371250
elizavpatterson	2974130495
xlostnspacex	237345644
ellebe6	1015206582152499206
DMull85	58604842
sorrykatari	2591571007
descendant35	1016460818269995008
LoganBalcom	1054167194135867394
EricTheCarGuy	113047276
jndsantiago	1699841245
bgilbert101	347882768
MBerns247	420784475
AmandaShank	102699435
BravesMarla	470507339
KMSlencak	821806495
3xCharmer	1055893402078900229
Kryptomovies77	943557248550359040
MrEspo	21714240
a_rogue_ginger	317554757
realedc30	1155349464
shea5mets	30351557
BeffyTVS	21353269
Ewright1285	25661152
STEVEnworse	3433524987
katemiller22	330491240
kylesnorton	147716480
GuntherNY	28676252
_jessdalrymple	490570290
telesara	22021524
joeahlee	4847690739
TheMicheleLyman	61499592
sharidobbs	351499627
atallguy	21938720
vivekaterin	203184991
CrypticVulpix	3236271202
hmshd3	63624651
sunnies40	29845413
merclyn	49278865
matbreen	21713693
steelwavegarden	991866015129784321
Pr3ttySVG3Qu33n	940799592324575232
BronwynBeightol	844641714
RickMetters	296025217
joelcmayo	3931150997
EditorSusanMcD	3535157842
BlueandBluer	498113316
Kia4Realz	1928249911
Seven_Soldiers	4725746957
boondockers495	21702199
chickybelle	1084406892
mroben	42799962
therealzevgood	935352710920056832
TheMostHoly	1658921358
CharmedLighter	2490951293
LiLiTsunTsun	2789034093
ZackRothman13	998367911050989569
aperezjones	115508263
MattyAmazing	24134972
MaryKateBrogan	430170218
timeladykatie	245222845
Luvly_BaB_Blues	61694087
bobbrownct	15973275
heaven4life69	948416550
philtrueblue	830093588
famel_d_it	3825747260
LaticiaD	22987006
Joe_Hooley_CLE	927576866604625920
SZinPA	164934259
TReinman	44959323
LiciaBerlinck	707227670824816642
briandunn_d203	3046700708
Saucy_C	350021792
MerpADerp2000	4379001676
rebekahlpepper	92093273
AftonYWagner	54335112
mrdkinderteach	786955113218924544
Paolakati	264409830
ThatSlutLondon	274919989
jessbeforedawn	457327800
bahannahpeppers	906519620449968128
knotjen1973	2717999334
SGCountySheriff	902239324326031360
SamanthSantiago	1637995531
drew9527_bill	1216510591
RBAdvisors	408602991
jpamental	14049683
crys78	16699210
PithySnarky	1146324445
alvaz504	2499881900
tessastarkes	50287033
LoveShellyXOXO	2882287968
AmyKGentile	1525504147
kylacovert	15693864
DacusQuinci	2385853783
MrMike_H	42384198
Blank3arth	851911578685460482
garrettfpierce	19501449
estith	16462359
haleykscissors	81738860
alexisdawn_	1449240409
AndCassady	31060607
script_8	579654882
sorensen_chris	67882706
tenosmith	170943533
crystal_castor	809405436
Jen_Ralls	883390592008441857
newyork808	8289622
SaraGSpaceNerd	1010470230878023680
RfWheels3015	531598198
Horseytweets	36077864
empyreantyrant	89775192
Scutologist	1267809806
LifeAsAdrianna	2993801733
Allison_Ivy79	803120002719223808
ShannonOBTV	107128382
tez_92	29219556
KeithKokinda	512790163
DanielaKraiem	717812608942866432
ADzielak	314732398
KLMoses23	2882503849
oREGINAl49ers	829417347014393871
wakeupangry	4838993955
TaniaGailPhotos	15525062
weblore1	115156623
glennw98	10283632
FarzadKapadia	2500413274
TheRynski	327108994
orangelamb	17957508
SaudadeAlma	801239774996656128
cyberslate	63997977
CA_SheaGibson	422816319
erikadb37	64937971
SuleidysTellez	602578994
icenycbx	21691459
leigh_smith712	57964170
karenyankovich	478878156
michellejeung	368935788
beloved831	1014642665638506501
TinkerVHELPK5	756119643622735875
DixieForReal	3765136454
ShaiMarkowitz	2258112673
El_Murpho	95847251
Scharlesquinn	22953340
Ashlee_withanE	27889466
JenM512	30121447
saucy_dryad	44272637
Yolon_Energy	2795953916
JoshShear	15494243
mwgerard	87486291
ShaunRas31	33832951
NathanHendric15	3334064831
gmgilmore	267159141
EvCurlGurl	68278596
pink_rangerr09	833514649442189312
stockimagjm	42989749
kroach417	817740956460056576
thecoconutscoop	1112586704
roysexton	31483470
AmeliaKayne	867574558383116288
JTP709	16068339
Rick_Nelson_33	4724046974
Bideawee	18100286
christine12272	15044694
NicoleLBusby	708271173830844417
Progresbyterian	1056186682075156481
mirrorballdc	96391851
LindaPolan	1480842655
probationboy	11482972
AdamMFreed	203683561
WKCourtneyBass	1026444662490492931
SarahHilaryBird	2273096982
paperdevil101	204394396
DianaUrban	14531930
tateellen	338001155
KateScully04	825797384131268609
ladybrady2013	1959637430
WatchtowerNorth	152796307
alexmarrero	149092092
msdaniellenm	258444112
swinning_	933538850957295616
MattRunsSlowly	948186334790811650
MercedesSanche_	2872521129
yvonison	16156569
dadlikesfood	36754542
7Michelle7	18291704
lindsayborgen	304016317
Intense_XEnergy	786179388
kennytorrella	265122237
jthompedu	837416818432172032
DSS_MD	414884282
JadeTee_	64759598
Agent_Volkat	115616741
HannifordHaley	1029372828578140166
Kenyon_7	348226244
helloagntcooper	878667360344977409
JuliaHeitner	1186138200
davethemurse	856377803494883328
Gabaldon81	532380604
MGMuellner	33289393
melissabeecher	22821955
EdTechCaitlin	1528493707
franklin19788	407221784
Roosmommy211	3369998944
itsjustmeguys86	1055468890027945984
AlohaJen3	1092332286
BerraBear	188526448
rellz_fuzions	27634085
kendraleedavis	725867201127919616
MarieMwrites	1426484184
patosanchez76	58946043
MondyCarrington	857030897148755968
nessa_ortego	953631582568378369
Emilie_Rusch	2850658138
Rachel_Gaines22	1057603480699965441
momaggiec	27723649
AlannaGreaney	344408062
thomgrantbruso	4217869511
brandyland10	789174820864794624
blackirishry	441225519
kadebiti	911642384592703488
AmilMan414	2263265881
petalsforrose	1072807874
xtabuxangelx	3424380165
sherryngick	206811711
MoLLz85gny	272287775
chirag_shah	16632955
jackie_daytona_	104010259
kelli_mcdermott	103560407
WWoodward38	1059362153789034497
murphyrc	32375485
IndioTechKnow	279395139
ASarkarMD	1048118950591119360
milacastle17	921893516
elpaca72	36137324
DocFroehlich	1450152595
Simplyiunique	39153580
ByKristenMClark	85975340
ItsYvonneChase	82203314
thac0_salad	804901830438297600
Plaatje_Amber	32125458
laurenmossberg	105246841
johntmohr	17006857
kristinazelnick	399834377
LoveThePuck	100324867
maryroy26	17373402
showpitch_naz	1737293875
bakerhi	258141802
Jodys_Journey	1529388248
TheComplexLeo	761903179151716352
trilisa	286877544
jazz_pilot	73444994
SarahAziza1	1484012989
stylinbysasha	2993574712
ChiliChari	734732432
CaraModisett	16176691
michelewrightTV	514554432
YourGMJay	439884868
rrrramonaaa	1247427462
mswan26	342808007
justcallmemrzp	23440557
BurghJacks	1345714296
MichelleAWrites	18522329
moetheitguy	959524714791297024
stefsealy	140204146
jewelzaid1998	2880191774
mattafowler	34842560
Crosbyc14	108674260
bigboldreds	408885346
steal_the_sun	2784751117
mindywithrow	39776807
2llibby	71564189
ShannonBalloon	739416511689920512
m_nitsch11	391242697
sonia_bolduc	1034553838060138496
AllisonMadison	238703731
MehlmanOrozco	721050752819544064
LaVidaLopa	32390762
MarkBSchlemmer	564201323
SamanthaCossick	121952864
adventurousness	114627120
joepetriello	390429420
SheComesAndGos	92485054
unniphilip	168565518
JenCarllTong	1499233938
purposevisionE4	102848140
Winchester6714	2272190065
MeredithLEaton	18197957
TheShadowRen	949132667047563264
justinwinkelman	31509782
bee_frank_	747904811568340992
SkyDaddyLexii	872666307287822336
Fobbadabalaba	300587013
belle1917	4072339093
lilDnD	2987445367
cscottHIA	3161545190